MaxTouch Analyzer Version :,Sensor Inspector Ver.2.18
Log Create Time :,2019/05/07 14:17:32
Output File Name :, Log\PASS\_504E3835332E3120FF0A0C0CFFFF0D0D_HC-107082-NB_0507_141732.csv
Windows OS Version :, Windows 7,
Device in System =, \\?\hid#vid_03eb&pid_6123#6&2ffc47e&0&0000#{4d1e55b2-f16f-11cf-88cb-001111000030}(QRG-I/F)
Port in System =, PCIROOT(0)#PCI(1400)#USBROOT(0)#USB(6)
Bridge board =, USB5030
Device Address =, 0x4B
Power switching =, False
Spend time =, 25.6
Memory(MB) =, 4279
Test Profile =, Default
Operator ID #, 
WorkStation ID #, HC-107082-NB
Barcode FPC #, 
Barcode CG #, 
Barcode LCM #, 
Maxtouch =, maXTouch mXT2954T2
Control File =, C:\mxt336U.txt (MD5: )Control File doesn't exist)
Family ID =, 0xA4
Variant ID =, 0x0D
Revision ID =, 0x03
Bootloader ID =, 0x5304
FW Version =, 0x23AB
Config Version =, 0x0103
Internal Config Version =, 0x0000
XCFG CheckSum=, 0x9F1F72, 
Chip CheckSum =, 0x9F1F72
Chip Device Unique ID =, 504E3835332E3120FF0A0C0CFFFF0D0D
Matrix X Size =, 41
Matrix Y Size =, 72
Screen X Size =, 38
Screen Y Size =, 51
T8 Charge Time =, 23
T9 / T100 Sensor Gain =, 13

/////////////////////////
// Overall Test Result //
/////////////////////////
PASS
OVERALL: PASS

//////////////////////
// Test Matrix list //
//////////////////////
Overall,PASS
Test Options,0) Inspector Options,PASS,Pass
Chip Upgrade,2) Chip ID check,PASS,Pass. FID:A4 VID:0D RID:03
Chip Upgrade,3) Load Firmware,PASS,Pass. Version matches. Skip.
Chip Upgrade,4) Confirm Firmware,PASS,Pass. Version match 0x23AB
Chip Upgrade,6) Load Configure,PASS,Pass. Chksum 0x9F1F72 match. Skip
Chip Upgrade,7) Confirm CheckSum,PASS,Pass. Chksum 0x9F1F72 match.
HW Test,14) Reset Pin Open Test,PASS,Pass
HW Test,15) INT/CHG Pin Test,PASS,Pass
HW Test,16) Processor Test,PASS,Pass
HW Test,17) AVDD Test,PASS,Pass
HW Test,18) Pin Fault Test,PASS,Pass
HW Test,24) I2C Test,PASS,Pass. I2C mode: OBP. Addr: 0x4B matches
Sensor Test,26) Ref check - 1 region,PASS,Pass. sensor max:22351 min:21980 range:371 meets spec
Sensor Test,29) Sensor Variant,PASS,Pass
Sensor Test,36) MicroDefect,PASS,Pass. Max Diff 0.5(CX15-16) 0.4(BX36-37) 4.2(CY33-34) 4.1(BY0-1)

// Reference value
Reference Value at Charger Time=,23
,Y0,Y1,Y2,Y3,Y4,Y5,Y6,Y7,Y8,Y9,Y10,Y11,Y12,Y13,Y14,Y15,Y16,Y17,Y18,Y19,Y20,Y21,Y22,Y23,Y24,Y25,Y26,Y27,Y28,Y29,Y30,Y31,Y32,Y33,Y34,Y35,Y36,Y37,Y38,Y39,Y40,Y41,Y42,Y43,Y44,Y45,Y46,Y47,Y48,Y49,Y50,
X0,22115,22106,22145,22153,22117,22122,22151,22122,22110,22113,22117,22110,22209,22205,22112,22138,22136,22086,21994,22118,22027,22086,22132,22101,22036,22124,22006,22152,22101,22143,22119,22118,22044,22029,22188,22145,22113,22135,22142,22080,22102,22041,22193,22171,22147,22074,22175,22137,22115,22179,22019,
X1,22107,22107,22137,22138,22105,22102,22147,22134,22100,22107,22118,22122,22214,22210,22109,22137,22154,22098,21996,22111,22035,22088,22158,22089,22033,22122,22016,22142,22115,22162,22131,22111,22047,22019,22195,22131,22111,22131,22148,22081,22081,22056,22199,22170,22145,22067,22163,22126,22117,22187,22054,
X2,22100,22119,22153,22165,22104,22122,22170,22136,22104,22097,22129,22119,22214,22216,22129,22150,22181,22099,21982,22127,22045,22110,22165,22100,22037,22138,22033,22169,22130,22181,22129,22124,22067,22079,22209,22156,22122,22129,22164,22101,22094,22055,22206,22171,22156,22078,22204,22142,22125,22188,22061,
X3,22099,22116,22157,22164,22134,22136,22173,22138,22120,22125,22151,22129,22224,22228,22149,22175,22199,22133,22004,22146,22046,22130,22179,22102,22040,22143,22032,22188,22152,22187,22152,22144,22077,22075,22225,22169,22149,22144,22176,22107,22122,22049,22204,22182,22147,22056,22189,22145,22118,22160,22054,
X4,22116,22127,22168,22183,22143,22146,22191,22160,22129,22125,22154,22138,22234,22239,22166,22201,22204,22134,22022,22164,22088,22155,22183,22117,22075,22157,22047,22205,22147,22191,22171,22151,22083,22107,22238,22175,22144,22162,22188,22112,22147,22077,22224,22194,22160,22079,22205,22144,22143,22189,22074,
X5,22093,22116,22152,22168,22127,22141,22164,22158,22118,22122,22135,22120,22225,22228,22160,22180,22189,22146,22020,22158,22064,22147,22184,22125,22066,22135,22045,22187,22139,22182,22164,22152,22079,22080,22235,22170,22137,22142,22155,22084,22106,22040,22218,22179,22138,22067,22189,22152,22138,22193,22066,
X6,22097,22091,22142,22159,22119,22134,22159,22146,22116,22127,22144,22122,22213,22215,22141,22181,22185,22121,22004,22150,22040,22123,22166,22115,22053,22134,22040,22184,22135,22154,22147,22130,22080,22047,22212,22143,22120,22129,22149,22090,22096,22033,22195,22173,22127,22071,22186,22150,22136,22181,22075,
X7,22099,22110,22155,22156,22124,22128,22154,22138,22116,22123,22147,22122,22222,22207,22137,22180,22190,22127,22003,22145,22048,22126,22156,22100,22035,22118,22018,22189,22126,22163,22145,22155,22082,22070,22216,22136,22111,22136,22138,22078,22088,22025,22202,22194,22160,22080,22200,22168,22129,22194,22087,
X8,22085,22105,22147,22146,22102,22126,22168,22149,22114,22116,22145,22117,22241,22252,22157,22188,22183,22115,21980,22133,22059,22132,22162,22115,22048,22127,22030,22192,22137,22175,22132,22135,22074,22061,22199,22153,22124,22133,22153,22072,22079,22024,22192,22168,22147,22067,22192,22171,22140,22186,22093,
X9,22106,22108,22170,22170,22111,22125,22164,22156,22154,22145,22171,22133,22268,22253,22174,22202,22203,22132,22003,22167,22075,22144,22179,22131,22061,22140,22039,22196,22135,22188,22154,22154,22091,22086,22229,22177,22153,22131,22157,22093,22107,22043,22218,22188,22166,22111,22216,22199,22152,22209,22092,
X10,22123,22159,22183,22170,22100,22128,22173,22165,22149,22160,22198,22174,22302,22280,22207,22226,22229,22165,22041,22181,22095,22160,22194,22144,22092,22157,22063,22212,22174,22191,22174,22164,22099,22095,22250,22191,22171,22163,22178,22119,22137,22069,22259,22214,22182,22112,22226,22202,22183,22230,22096,
X11,22103,22147,22174,22172,22133,22133,22164,22151,22128,22150,22182,22164,22288,22283,22203,22235,22211,22153,22034,22195,22088,22147,22184,22170,22084,22153,22067,22217,22166,22190,22171,22181,22105,22092,22241,22181,22167,22176,22189,22124,22144,22086,22261,22226,22191,22119,22230,22183,22171,22228,22115,
X12,22098,22153,22169,22167,22134,22148,22176,22144,22131,22154,22190,22179,22304,22291,22194,22214,22220,22150,22047,22185,22076,22136,22189,22164,22090,22160,22065,22211,22157,22190,22170,22178,22109,22095,22245,22197,22178,22187,22211,22141,22168,22092,22278,22228,22220,22134,22237,22213,22198,22249,22140,
X13,22114,22148,22190,22165,22131,22134,22183,22157,22138,22173,22202,22174,22292,22296,22205,22233,22232,22159,22044,22192,22086,22143,22208,22163,22098,22172,22070,22214,22182,22209,22176,22188,22124,22119,22257,22192,22176,22206,22234,22156,22179,22109,22279,22233,22217,22149,22252,22221,22193,22250,22135,
X14,22107,22128,22173,22162,22125,22140,22175,22154,22148,22155,22180,22159,22283,22272,22189,22217,22217,22146,22047,22179,22072,22138,22186,22138,22087,22163,22065,22218,22172,22201,22171,22177,22122,22113,22252,22193,22181,22181,22219,22147,22173,22091,22267,22235,22195,22135,22244,22209,22182,22245,22117,
X15,22122,22156,22197,22195,22146,22160,22194,22177,22161,22180,22199,22163,22281,22268,22183,22217,22230,22169,22057,22198,22101,22173,22190,22160,22109,22177,22074,22217,22170,22203,22177,22186,22125,22118,22272,22210,22190,22208,22227,22157,22173,22094,22282,22253,22228,22149,22260,22234,22206,22267,22132,
X16,22143,22180,22225,22230,22191,22206,22212,22196,22161,22188,22222,22193,22312,22281,22211,22248,22246,22191,22085,22219,22138,22204,22230,22195,22131,22207,22091,22231,22213,22220,22200,22195,22144,22122,22277,22226,22227,22226,22246,22186,22213,22124,22304,22275,22232,22161,22283,22246,22229,22278,22159,
X17,22151,22181,22245,22240,22215,22210,22243,22210,22190,22194,22228,22208,22318,22288,22215,22245,22262,22207,22089,22220,22140,22207,22261,22202,22122,22209,22093,22238,22211,22227,22201,22208,22151,22131,22275,22219,22225,22229,22250,22194,22210,22121,22317,22274,22233,22177,22283,22247,22233,22288,22157,
X18,22161,22204,22253,22269,22234,22242,22272,22238,22224,22219,22239,22239,22340,22323,22234,22270,22289,22229,22119,22257,22177,22238,22266,22237,22146,22226,22113,22261,22232,22256,22247,22240,22179,22154,22305,22247,22239,22224,22269,22211,22220,22148,22331,22291,22261,22184,22284,22256,22251,22317,22186,
X19,22139,22189,22255,22258,22220,22222,22242,22231,22210,22202,22221,22218,22327,22305,22213,22256,22267,22222,22097,22243,22159,22217,22247,22206,22129,22212,22094,22240,22207,22242,22215,22225,22155,22133,22290,22222,22214,22226,22232,22175,22209,22121,22311,22259,22229,22164,22254,22237,22221,22286,22161,
X20,22141,22179,22227,22248,22219,22206,22231,22222,22194,22178,22207,22206,22307,22278,22207,22247,22264,22201,22086,22237,22151,22191,22222,22192,22101,22205,22081,22224,22198,22228,22219,22223,22137,22111,22261,22208,22197,22212,22231,22167,22178,22108,22300,22250,22223,22146,22259,22216,22204,22271,22147,
X21,22158,22203,22231,22260,22225,22221,22235,22226,22202,22196,22234,22219,22326,22312,22217,22263,22277,22216,22097,22241,22143,22204,22253,22211,22123,22213,22100,22244,22211,22249,22219,22213,22151,22122,22250,22226,22206,22224,22258,22183,22200,22107,22300,22286,22247,22156,22274,22249,22221,22291,22173,
X22,22147,22183,22238,22259,22213,22189,22221,22212,22193,22192,22224,22205,22319,22300,22209,22251,22275,22185,22088,22243,22130,22199,22229,22180,22116,22196,22081,22222,22202,22239,22202,22214,22137,22113,22248,22226,22184,22215,22213,22169,22199,22121,22290,22264,22230,22157,22285,22243,22210,22268,22151,
X23,22136,22167,22235,22245,22202,22198,22207,22208,22195,22175,22204,22197,22299,22290,22196,22243,22257,22176,22068,22222,22116,22168,22238,22169,22109,22187,22080,22235,22204,22233,22192,22200,22129,22102,22245,22205,22171,22192,22222,22169,22197,22100,22260,22226,22219,22141,22257,22218,22188,22255,22136,
X24,22134,22158,22211,22239,22183,22179,22206,22182,22181,22177,22199,22178,22296,22280,22201,22236,22252,22171,22073,22218,22104,22147,22219,22165,22088,22183,22067,22205,22190,22225,22198,22195,22121,22102,22229,22193,22169,22190,22212,22154,22181,22091,22256,22215,22207,22143,22245,22209,22180,22239,22149,
X25,22144,22158,22208,22241,22199,22195,22217,22186,22184,22187,22183,22174,22289,22277,22192,22247,22264,22183,22067,22234,22098,22157,22216,22180,22110,22195,22068,22214,22188,22222,22179,22205,22124,22111,22238,22193,22176,22182,22216,22168,22189,22118,22271,22247,22216,22156,22253,22220,22206,22249,22149,
X26,22146,22184,22212,22245,22206,22225,22243,22181,22158,22168,22204,22196,22290,22279,22200,22252,22275,22207,22097,22244,22131,22179,22232,22188,22120,22181,22084,22220,22187,22218,22194,22205,22133,22113,22241,22202,22178,22187,22221,22162,22176,22106,22292,22246,22227,22155,22258,22230,22205,22254,22140,
X27,22171,22193,22235,22245,22207,22223,22251,22186,22160,22197,22213,22199,22300,22285,22214,22263,22281,22219,22089,22245,22145,22201,22249,22191,22128,22210,22096,22239,22192,22233,22207,22212,22126,22132,22249,22202,22180,22228,22226,22166,22201,22131,22296,22256,22236,22158,22277,22222,22218,22269,22164,
X28,22183,22200,22244,22260,22219,22220,22260,22225,22192,22202,22212,22197,22295,22309,22221,22267,22289,22221,22105,22253,22145,22208,22265,22213,22135,22230,22096,22232,22223,22249,22210,22219,22153,22137,22269,22215,22216,22227,22258,22185,22200,22139,22309,22252,22239,22165,22284,22238,22227,22283,22168,
X29,22142,22189,22226,22240,22185,22197,22227,22208,22180,22171,22196,22189,22272,22279,22177,22252,22268,22184,22067,22233,22135,22200,22241,22183,22115,22193,22067,22212,22179,22216,22188,22201,22139,22108,22251,22204,22193,22204,22241,22173,22176,22118,22269,22236,22221,22154,22252,22212,22187,22246,22149,
X30,22159,22194,22211,22220,22203,22211,22241,22209,22173,22191,22209,22190,22292,22287,22203,22258,22287,22197,22075,22235,22138,22222,22261,22196,22132,22207,22083,22216,22208,22227,22197,22208,22141,22140,22272,22215,22204,22223,22236,22180,22173,22100,22264,22235,22224,22141,22267,22231,22211,22257,22154,
X31,22160,22197,22225,22239,22209,22223,22238,22215,22175,22176,22205,22182,22303,22297,22223,22279,22296,22216,22086,22235,22127,22219,22273,22199,22121,22207,22088,22230,22206,22241,22199,22204,22137,22128,22264,22199,22207,22221,22230,22166,22181,22121,22276,22219,22231,22143,22263,22218,22203,22262,22150,
X32,22165,22192,22242,22238,22214,22237,22262,22229,22195,22208,22226,22191,22319,22307,22233,22277,22289,22223,22099,22243,22150,22225,22255,22203,22130,22219,22082,22236,22209,22237,22203,22210,22126,22121,22278,22212,22216,22228,22242,22173,22188,22130,22287,22257,22238,22161,22265,22229,22203,22272,22160,
X33,22182,22217,22243,22241,22201,22239,22264,22211,22205,22232,22239,22215,22321,22302,22249,22285,22293,22233,22097,22261,22168,22224,22282,22218,22137,22225,22088,22253,22217,22248,22195,22217,22129,22142,22283,22223,22208,22237,22239,22183,22200,22147,22303,22245,22226,22144,22264,22231,22209,22290,22165,
X34,22184,22205,22230,22246,22191,22214,22239,22199,22192,22222,22219,22208,22299,22289,22207,22256,22275,22214,22070,22221,22126,22208,22241,22202,22109,22207,22083,22229,22192,22218,22181,22185,22101,22091,22254,22201,22193,22217,22225,22153,22191,22116,22274,22213,22215,22146,22256,22215,22191,22261,22146,
X35,22184,22208,22238,22237,22220,22217,22246,22199,22188,22225,22229,22205,22302,22273,22210,22249,22270,22193,22090,22213,22128,22196,22238,22190,22112,22206,22075,22219,22188,22230,22174,22198,22115,22094,22266,22195,22177,22206,22209,22154,22182,22124,22272,22239,22213,22148,22247,22222,22193,22253,22127,
X36,22210,22243,22266,22267,22265,22255,22267,22248,22206,22254,22259,22223,22306,22298,22245,22283,22317,22219,22107,22239,22141,22228,22262,22210,22116,22218,22102,22226,22197,22244,22208,22207,22143,22127,22284,22222,22222,22231,22239,22178,22215,22142,22301,22243,22233,22161,22268,22255,22209,22277,22168,
X37,22237,22266,22307,22298,22272,22288,22290,22267,22256,22283,22287,22268,22351,22332,22275,22306,22329,22271,22137,22279,22150,22231,22296,22222,22147,22247,22116,22259,22234,22262,22229,22237,22172,22150,22323,22264,22242,22269,22281,22210,22246,22183,22341,22279,22259,22193,22307,22269,22243,22300,22199,

Sensor data,All Nodes,Exclude 4 Borders(Center)
Maximum,22351,22340
Median,22189,22192
Average,22183,22185
Minimum,21980,21980
Maximum - Minimum,371,360
Checksum1,55D1,Checksum2,56A8


// Half CT value. CT=11 (50.00%)
,Y0,Y1,Y2,Y3,Y4,Y5,Y6,Y7,Y8,Y9,Y10,Y11,Y12,Y13,Y14,Y15,Y16,Y17,Y18,Y19,Y20,Y21,Y22,Y23,Y24,Y25,Y26,Y27,Y28,Y29,Y30,Y31,Y32,Y33,Y34,Y35,Y36,Y37,Y38,Y39,Y40,Y41,Y42,Y43,Y44,Y45,Y46,Y47,Y48,Y49,Y50,
X0,21187,21342,21420,21436,21384,21468,21474,21470,21484,21421,21500,21472,21507,21602,21469,21470,21503,21478,21394,21527,21469,21468,21547,21541,21473,21626,21506,21622,21584,21623,21636,21618,21610,21520,21756,21619,21703,21709,21756,21707,21689,21624,21814,21757,21779,21693,21791,21787,21738,21795,21618,
X1,21165,21340,21414,21425,21375,21454,21476,21480,21478,21419,21502,21485,21513,21610,21468,21470,21521,21487,21397,21523,21477,21473,21569,21534,21472,21628,21515,21617,21597,21642,21652,21617,21614,21514,21766,21609,21703,21709,21766,21712,21674,21639,21822,21760,21784,21690,21784,21781,21744,21806,21654,
X2,21168,21359,21434,21453,21386,21477,21498,21490,21487,21418,21516,21493,21520,21623,21494,21488,21549,21500,21395,21542,21491,21497,21583,21548,21482,21645,21534,21647,21618,21665,21657,21633,21637,21570,21783,21637,21717,21712,21784,21734,21691,21642,21833,21768,21798,21705,21827,21803,21760,21813,21668,
X3,21164,21355,21434,21451,21405,21486,21498,21489,21497,21439,21532,21497,21527,21630,21505,21504,21562,21523,21411,21555,21491,21509,21590,21548,21484,21646,21530,21659,21632,21666,21672,21646,21641,21563,21792,21644,21738,21722,21790,21736,21710,21636,21828,21774,21788,21683,21813,21806,21753,21791,21662,
X4,21181,21368,21446,21469,21416,21499,21516,21510,21508,21443,21539,21506,21538,21643,21525,21529,21569,21529,21427,21574,21529,21535,21599,21563,21513,21661,21545,21675,21633,21673,21689,21655,21649,21592,21807,21651,21737,21740,21803,21741,21736,21661,21850,21792,21804,21710,21831,21808,21782,21822,21686,
X5,21166,21357,21436,21459,21406,21495,21496,21508,21501,21442,21525,21494,21532,21636,21521,21516,21562,21538,21427,21571,21511,21529,21600,21570,21508,21643,21544,21659,21625,21664,21683,21656,21646,21569,21803,21649,21728,21721,21771,21713,21698,21627,21844,21776,21785,21699,21817,21816,21780,21828,21684,
X6,21166,21339,21428,21453,21399,21490,21493,21500,21500,21447,21534,21495,21525,21626,21507,21517,21557,21520,21414,21565,21493,21513,21587,21564,21497,21644,21542,21659,21622,21643,21670,21638,21648,21543,21784,21625,21714,21710,21768,21721,21691,21624,21826,21772,21775,21706,21820,21819,21783,21823,21695,
X7,21172,21358,21440,21452,21406,21487,21491,21497,21503,21445,21539,21499,21536,21623,21506,21518,21566,21525,21418,21561,21503,21514,21581,21552,21484,21632,21525,21664,21617,21652,21670,21663,21649,21564,21788,21619,21707,21717,21757,21710,21684,21618,21834,21793,21806,21716,21834,21837,21780,21837,21711,
X8,21154,21346,21427,21438,21381,21478,21496,21501,21496,21435,21529,21490,21542,21653,21517,21520,21554,21509,21391,21547,21505,21516,21581,21558,21489,21635,21528,21662,21621,21655,21652,21638,21637,21547,21768,21628,21711,21708,21766,21701,21671,21612,21821,21763,21790,21701,21823,21837,21786,21828,21714,
X9,21180,21362,21457,21468,21401,21491,21506,21516,21538,21469,21563,21514,21576,21668,21542,21540,21582,21536,21422,21584,21529,21537,21606,21584,21512,21657,21546,21676,21629,21678,21683,21664,21662,21581,21805,21661,21747,21714,21778,21727,21707,21636,21853,21793,21816,21751,21853,21873,21807,21862,21725,
X10,21190,21395,21461,21463,21385,21485,21504,21517,21530,21475,21580,21540,21596,21684,21561,21555,21596,21558,21447,21592,21540,21544,21611,21589,21530,21664,21560,21682,21653,21673,21691,21665,21661,21581,21814,21664,21756,21737,21788,21743,21726,21654,21881,21807,21825,21741,21855,21870,21830,21874,21723,
X11,21169,21383,21454,21462,21409,21489,21499,21506,21511,21465,21566,21531,21584,21684,21558,21560,21581,21546,21441,21604,21536,21533,21605,21608,21525,21662,21563,21687,21649,21672,21691,21681,21668,21580,21807,21656,21753,21751,21802,21750,21734,21669,21884,21820,21835,21752,21862,21855,21822,21875,21744,
X12,21184,21402,21465,21474,21426,21516,21522,21514,21526,21483,21587,21557,21612,21706,21565,21558,21602,21558,21466,21610,21537,21538,21623,21620,21542,21680,21572,21693,21653,21685,21701,21689,21681,21592,21820,21681,21774,21771,21831,21777,21766,21684,21908,21832,21868,21777,21878,21889,21855,21905,21777,
X13,21200,21404,21483,21474,21426,21507,21529,21526,21533,21500,21599,21557,21606,21711,21577,21578,21615,21568,21466,21618,21548,21546,21641,21620,21553,21689,21580,21699,21675,21703,21706,21700,21696,21613,21832,21678,21771,21789,21850,21790,21775,21698,21908,21833,21865,21787,21891,21899,21852,21907,21773,
X14,21193,21387,21469,21470,21421,21513,21523,21524,21541,21487,21582,21545,21599,21694,21565,21566,21603,21559,21468,21607,21539,21543,21623,21598,21545,21684,21578,21703,21670,21695,21701,21691,21695,21611,21829,21679,21780,21770,21840,21784,21771,21685,21900,21838,21849,21777,21885,21891,21841,21904,21761,
X15,21202,21408,21487,21496,21437,21523,21536,21541,21549,21504,21594,21548,21595,21687,21558,21559,21611,21577,21475,21620,21561,21568,21624,21616,21557,21694,21580,21701,21665,21693,21702,21693,21694,21611,21839,21688,21784,21789,21843,21789,21766,21683,21909,21849,21874,21786,21897,21909,21862,21920,21771,
X16,21228,21433,21520,21532,21480,21568,21560,21563,21559,21519,21624,21580,21629,21707,21588,21594,21634,21601,21507,21647,21598,21602,21666,21652,21586,21725,21605,21719,21709,21716,21733,21712,21719,21621,21854,21709,21823,21813,21869,21822,21808,21716,21937,21877,21887,21803,21925,21924,21889,21937,21801,
X17,21227,21431,21529,21535,21496,21567,21578,21569,21578,21519,21622,21583,21629,21709,21586,21588,21640,21609,21502,21644,21594,21600,21684,21654,21573,21725,21599,21720,21701,21716,21728,21717,21720,21622,21846,21699,21814,21809,21862,21821,21801,21708,21940,21870,21879,21811,21918,21921,21886,21940,21794,
X18,21236,21449,21536,21557,21509,21595,21604,21593,21603,21537,21632,21609,21647,21735,21600,21608,21662,21625,21524,21671,21625,21623,21687,21679,21590,21736,21615,21739,21716,21738,21768,21740,21740,21641,21871,21721,21823,21800,21876,21834,21806,21730,21949,21882,21901,21815,21915,21925,21900,21962,21818,
X19,21227,21445,21544,21555,21504,21586,21585,21594,21600,21533,21623,21602,21643,21729,21593,21605,21650,21628,21517,21668,21616,21615,21679,21662,21584,21732,21608,21727,21705,21736,21747,21737,21728,21633,21866,21708,21811,21810,21853,21810,21804,21715,21944,21864,21882,21805,21899,21917,21883,21944,21804,
X20,21234,21440,21528,21552,21509,21578,21579,21592,21591,21518,21614,21593,21633,21710,21592,21601,21654,21616,21512,21666,21616,21598,21665,21655,21566,21729,21601,21719,21701,21730,21755,21740,21718,21616,21844,21700,21800,21801,21857,21808,21782,21704,21934,21859,21879,21795,21906,21903,21870,21934,21796,
X21,21248,21462,21533,21561,21514,21592,21584,21596,21600,21531,21639,21605,21649,21739,21601,21613,21667,21628,21521,21673,21610,21609,21690,21671,21583,21739,21615,21736,21713,21746,21752,21732,21727,21627,21837,21717,21808,21815,21880,21822,21801,21705,21935,21889,21901,21801,21917,21930,21886,21950,21819,
X22,21221,21430,21522,21547,21491,21550,21560,21569,21578,21513,21616,21580,21628,21715,21578,21589,21647,21590,21501,21659,21585,21591,21657,21632,21566,21709,21586,21703,21689,21727,21725,21720,21705,21607,21821,21702,21780,21795,21831,21799,21789,21706,21918,21860,21875,21791,21917,21913,21865,21919,21787,
X23,21222,21426,21527,21544,21492,21567,21557,21574,21587,21512,21610,21584,21622,21712,21577,21592,21642,21590,21494,21650,21583,21576,21673,21630,21567,21710,21596,21724,21703,21730,21725,21716,21705,21607,21830,21694,21774,21782,21843,21806,21795,21697,21898,21833,21874,21784,21898,21900,21852,21917,21782,
X24,21218,21417,21509,21536,21476,21551,21555,21555,21577,21508,21603,21567,21616,21706,21578,21587,21638,21586,21497,21644,21570,21556,21654,21628,21552,21704,21584,21697,21688,21721,21731,21709,21698,21606,21813,21683,21773,21781,21838,21794,21785,21687,21895,21825,21863,21788,21890,21891,21846,21902,21793,
X25,21226,21419,21505,21538,21485,21564,21564,21558,21577,21519,21589,21563,21609,21702,21572,21592,21647,21596,21492,21659,21564,21563,21652,21639,21569,21716,21584,21705,21688,21719,21713,21717,21700,21614,21821,21685,21778,21774,21841,21806,21789,21711,21910,21854,21871,21800,21899,21904,21868,21908,21791,
X26,21227,21435,21507,21539,21490,21584,21580,21549,21555,21501,21604,21579,21610,21701,21576,21594,21654,21613,21510,21664,21590,21580,21664,21642,21573,21702,21595,21708,21684,21714,21724,21716,21707,21613,21822,21692,21778,21775,21840,21797,21775,21699,21924,21850,21879,21797,21900,21911,21861,21910,21778,
X27,21244,21443,21524,21539,21491,21582,21584,21553,21556,21520,21613,21579,21614,21707,21584,21601,21657,21620,21502,21663,21599,21596,21676,21646,21579,21725,21604,21722,21687,21725,21734,21719,21699,21628,21829,21688,21781,21811,21847,21803,21798,21720,21927,21860,21887,21798,21916,21900,21871,21920,21798,
X28,21258,21451,21532,21552,21505,21584,21596,21587,21583,21529,21612,21580,21614,21728,21594,21610,21666,21627,21519,21670,21602,21606,21691,21666,21588,21745,21606,21721,21715,21741,21740,21730,21727,21635,21849,21704,21812,21813,21879,21822,21798,21731,21939,21856,21891,21806,21923,21915,21881,21933,21799,
X29,21224,21438,21517,21535,21474,21562,21570,21569,21573,21502,21598,21571,21595,21701,21556,21593,21648,21593,21488,21653,21593,21597,21672,21639,21569,21712,21580,21699,21678,21711,21722,21714,21713,21609,21831,21695,21794,21794,21863,21809,21778,21712,21907,21841,21874,21797,21894,21892,21845,21900,21781,
X30,21225,21433,21497,21511,21480,21565,21572,21564,21556,21506,21599,21563,21600,21697,21567,21588,21652,21593,21484,21646,21583,21605,21677,21639,21573,21715,21584,21694,21691,21711,21721,21712,21707,21626,21845,21694,21797,21801,21852,21805,21765,21687,21894,21833,21870,21775,21896,21899,21857,21899,21775,
X31,21220,21431,21502,21521,21479,21569,21563,21559,21553,21489,21586,21549,21601,21700,21577,21598,21653,21604,21486,21641,21571,21595,21681,21638,21558,21708,21582,21701,21687,21720,21715,21702,21698,21611,21830,21675,21793,21795,21841,21791,21769,21701,21897,21813,21871,21772,21887,21883,21843,21896,21763,
X32,21240,21441,21527,21534,21498,21592,21595,21586,21581,21527,21618,21572,21628,21719,21598,21612,21660,21620,21512,21660,21605,21614,21680,21654,21578,21735,21593,21717,21702,21729,21734,21721,21701,21618,21855,21699,21814,21814,21863,21810,21789,21721,21920,21858,21889,21799,21899,21899,21851,21913,21781,
X33,21251,21455,21526,21531,21484,21590,21593,21569,21589,21544,21630,21587,21629,21716,21608,21615,21663,21627,21506,21672,21615,21613,21699,21665,21583,21736,21595,21732,21707,21737,21726,21724,21704,21636,21858,21707,21805,21820,21860,21817,21799,21735,21930,21846,21872,21781,21895,21899,21852,21926,21780,
X34,21254,21450,21521,21539,21478,21574,21576,21561,21578,21538,21614,21582,21610,21705,21576,21593,21647,21613,21485,21640,21580,21598,21666,21649,21561,21720,21590,21709,21686,21709,21712,21696,21677,21593,21835,21688,21792,21802,21847,21791,21788,21706,21906,21818,21863,21780,21885,21882,21836,21898,21759,
X35,21245,21445,21518,21526,21490,21568,21574,21555,21568,21533,21616,21572,21603,21685,21569,21579,21636,21588,21493,21625,21575,21580,21656,21635,21556,21713,21576,21698,21676,21713,21702,21705,21687,21589,21838,21677,21777,21788,21831,21789,21778,21708,21903,21836,21858,21778,21871,21883,21828,21879,21738,
X36,21269,21473,21541,21550,21528,21600,21592,21594,21586,21559,21642,21588,21610,21708,21601,21609,21677,21612,21507,21651,21591,21611,21680,21652,21562,21728,21605,21708,21688,21730,21733,21716,21713,21624,21861,21707,21818,21815,21857,21813,21807,21727,21929,21840,21878,21790,21890,21910,21845,21903,21774,
X37,21294,21491,21565,21567,21529,21621,21607,21606,21620,21577,21658,21621,21642,21731,21618,21620,21677,21646,21524,21675,21592,21606,21699,21657,21582,21746,21609,21728,21711,21741,21745,21737,21733,21637,21887,21736,21832,21841,21890,21837,21829,21758,21959,21865,21893,21812,21918,21916,21866,21916,21797,

Sensor data,All Nodes,Exclude 4 Borders(Center)
Maximum,21962,21962
Median,21644,21646
Average,21651,21659
Minimum,21154,21339
Maximum - Minimum,808,623
Checksum1,54C6,Checksum2,54D4


//// 2) Chip ID check
PASS
  Chip: FID:A4 VID:0D RID:03
  Setting:FID:A4(Check) VID:0D(Check) RID:00(Ignore)

//// 3) Load Firmware
PASS
Firmware file: FWCFG\mXT2954T2_0x0D_2.3.AB_PROD.enc
Version match: V23AB


//// 4) Confirm Firmware
PASS
Version match with 0x23AB

//// 6) Load Configure
PASS
Chksum 0x9F1F72 match. Skip configure upgrade



//// 7) Confirm CheckSum
PASS
Chksum 0x9F1F72 match.

//// 14) Reset Pin Open Test
PASS
Time limit < 1 sec
Reset happens at 1 sec

//// 15) INT/CHG Pin Test
PASS


//// 16) Processor Test
PASS


//// 17) AVDD Test
PASS


//// 18) Pin Fault Test
PASS


//// 24) I2C Test
PASS.
    I2C mode: OBP.
    Address 0x4B matches


//// 26) Ref check - 1 region
PASS
    Sensor max:22351 min:21980 range:371
    Reference spec: max:23500 min:20500 range:1800

//// 29) Sensor Variant
PASS
    Sensor pass sensor variant.
Inspector options:
  Inspector Type: 0
  Minimize failure nodes distance: Not allow defect node(stylus project)
  Sensor average: 5799
  X Spec: Positvie 869 (15%)  Negative -695 (-12%)
  Y Spec: Positive 869 (15%)  Negative -695 (-12%)
  Max allowed defect nodes: 0
  X Max Error: Positive 144  Negative -147
  Y Max Error: Positive 61  Negative -55
  Detected defect nodes: 0 (Pass)

// Sensor X line trend data
,Y0,Y1,Y2,Y3,Y4,Y5,Y6,Y7,Y8,Y9,Y10,Y11,Y12,Y13,Y14,Y15,Y16,Y17,Y18,Y19,Y20,Y21,Y22,Y23,Y24,Y25,Y26,Y27,Y28,Y29,Y30,Y31,Y32,Y33,Y34,Y35,Y36,Y37,Y38,Y39,Y40,Y41,Y42,Y43,Y44,Y45,Y46,Y47,Y48,Y49,Y50
X0,22139,22136,22134,22131,22129,22127,22125,22122,22120,22119,22117,22115,22114,22112,22111,22110,22109,22108,22107,22106,22105,22104,22104,22104,22103,22103,22103,22103,22103,22103,22104,22104,22105,22105,22106,22107,22108,22109,22110,22111,22113,22114,22116,22117,22119,22121,22123,22125,22127,22129,22132
X1,22133,22131,22129,22127,22125,22123,22121,22120,22118,22117,22116,22114,22113,22112,22111,22110,22109,22109,22108,22107,22107,22106,22106,22106,22106,22106,22106,22106,22106,22106,22107,22107,22108,22108,22109,22110,22111,22111,22113,22114,22115,22116,22117,22119,22120,22122,22124,22126,22127,22129,22132
X2,22138,22136,22135,22134,22132,22131,22130,22128,22127,22126,22125,22125,22124,22123,22122,22122,22121,22121,22120,22120,22120,22119,22119,22119,22119,22119,22119,22120,22120,22120,22121,22121,22122,22122,22123,22124,22124,22125,22126,22127,22128,22130,22131,22132,22133,22135,22136,22138,22139,22141,22143
X3,22141,22141,22141,22141,22140,22140,22140,22140,22140,22139,22139,22139,22139,22139,22138,22138,22138,22138,22138,22137,22137,22137,22137,22136,22136,22136,22136,22135,22135,22135,22135,22134,22134,22134,22134,22133,22133,22133,22133,22132,22132,22132,22131,22131,22131,22131,22130,22130,22130,22129,22129
X4,22155,22154,22154,22154,22154,22153,22153,22153,22153,22152,22152,22152,22152,22152,22151,22151,22151,22151,22151,22151,22150,22150,22150,22150,22150,22150,22149,22149,22149,22149,22149,22149,22149,22149,22148,22148,22148,22148,22148,22148,22148,22148,22148,22148,22148,22147,22147,22147,22147,22147,22147
X5,22141,22141,22141,22141,22141,22141,22141,22141,22141,22141,22141,22141,22141,22140,22140,22140,22140,22140,22140,22140,22140,22140,22139,22139,22139,22139,22139,22139,22138,22138,22138,22138,22138,22137,22137,22137,22137,22137,22136,22136,22136,22136,22135,22135,22135,22135,22134,22134,22134,22133,22133
X6,22139,22138,22137,22136,22135,22135,22134,22133,22132,22132,22131,22130,22130,22129,22129,22128,22128,22127,22127,22127,22126,22126,22126,22126,22125,22125,22125,22125,22125,22125,22125,22125,22125,22125,22125,22125,22125,22125,22126,22126,22126,22127,22127,22127,22128,22128,22129,22129,22130,22130,22131
X7,22145,22143,22142,22140,22138,22137,22135,22134,22133,22132,22130,22129,22128,22127,22127,22126,22125,22124,22124,22123,22123,22123,22122,22122,22122,22122,22122,22122,22122,22123,22123,22123,22124,22124,22125,22126,22126,22127,22128,22129,22130,22131,22133,22134,22135,22137,22138,22140,22141,22143,22145
X8,22140,22139,22138,22137,22136,22135,22134,22133,22133,22132,22131,22130,22130,22129,22129,22128,22128,22127,22127,22127,22126,22126,22126,22126,22125,22125,22125,22125,22125,22125,22125,22126,22126,22126,22126,22127,22127,22127,22128,22128,22129,22129,22130,22130,22131,22132,22133,22133,22134,22135,22136
X9,22155,22154,22153,22152,22151,22150,22150,22149,22148,22147,22147,22146,22146,22145,22145,22144,22144,22144,22143,22143,22143,22143,22143,22143,22143,22143,22143,22143,22143,22143,22143,22143,22144,22144,22145,22145,22145,22146,22147,22147,22148,22148,22149,22150,22151,22152,22153,22153,22154,22155,22157
X10,22168,22168,22168,22167,22167,22167,22167,22166,22166,22166,22166,22165,22165,22165,22165,22165,22165,22165,22165,22165,22165,22165,22165,22165,22165,22165,22165,22165,22165,22165,22165,22165,22165,22166,22166,22166,22166,22166,22167,22167,22167,22167,22168,22168,22168,22169,22169,22170,22170,22170,22171
X11,22160,22160,22160,22160,22160,22160,22160,22160,22160,22160,22161,22161,22161,22161,22161,22161,22162,22162,22162,22162,22162,22163,22163,22163,22164,22164,22164,22164,22165,22165,22166,22166,22166,22167,22167,22168,22168,22168,22169,22169,22170,22170,22171,22171,22172,22173,22173,22174,22174,22175,22176
X12,22166,22165,22164,22163,22163,22162,22162,22161,22161,22161,22161,22160,22160,22160,22160,22160,22161,22161,22161,22161,22162,22162,22163,22163,22164,22165,22165,22166,22167,22168,22169,22170,22171,22172,22173,22175,22176,22178,22179,22181,22182,22184,22186,22187,22189,22191,22193,22195,22197,22199,22202
X13,22167,22167,22167,22167,22167,22167,22167,22167,22167,22167,22168,22168,22168,22168,22169,22169,22170,22170,22171,22171,22172,22172,22173,22174,22174,22175,22176,22177,22178,22178,22179,22180,22181,22182,22183,22185,22186,22187,22188,22189,22191,22192,22193,22195,22196,22198,22199,22201,22202,22204,22205
X14,22157,22157,22157,22157,22157,22157,22157,22157,22157,22157,22158,22158,22158,22159,22159,22159,22160,22160,22161,22161,22162,22163,22163,22164,22165,22165,22166,22167,22168,22169,22170,22171,22172,22173,22174,22175,22176,22177,22178,22179,22181,22182,22183,22184,22186,22187,22189,22190,22192,22193,22195
X15,22181,22180,22179,22178,22177,22176,22175,22175,22174,22173,22173,22173,22172,22172,22172,22172,22172,22172,22172,22172,22172,22173,22173,22174,22174,22175,22176,22177,22178,22179,22180,22181,22182,22183,22185,22186,22188,22189,22191,22192,22194,22196,22198,22200,22202,22205,22207,22209,22212,22214,22217
X16,22208,22206,22205,22204,22203,22202,22201,22201,22200,22199,22199,22198,22198,22197,22197,22197,22197,22197,22197,22197,22197,22197,22197,22198,22198,22199,22199,22200,22201,22201,22202,22203,22204,22205,22206,22208,22209,22210,22212,22213,22215,22217,22218,22220,22222,22224,22226,22228,22230,22232,22235
X17,22223,22222,22220,22218,22217,22215,22214,22212,22211,22210,22209,22208,22207,22206,22206,22205,22205,22204,22204,22203,22203,22203,22203,22203,22203,22204,22204,22204,22205,22206,22206,22207,22208,22209,22210,22211,22212,22213,22215,22216,22218,22219,22221,22223,22225,22227,22229,22231,22233,22236,22238
X18,22244,22243,22242,22241,22239,22238,22237,22236,22236,22235,22234,22233,22233,22232,22231,22231,22231,22230,22230,22230,22229,22229,22229,22229,22229,22229,22230,22230,22230,22230,22231,22231,22232,22232,22233,22234,22235,22235,22236,22237,22238,22239,22240,22241,22243,22244,22245,22247,22248,22250,22251
X19,22230,22229,22227,22226,22224,22223,22222,22221,22220,22219,22218,22217,22216,22215,22214,22214,22213,22213,22212,22212,22211,22211,22210,22210,22210,22210,22210,22210,22210,22210,22210,22210,22210,22211,22211,22211,22212,22212,22213,22213,22214,22215,22216,22217,22217,22218,22219,22220,22222,22223,22224
X20,22219,22217,22216,22214,22212,22211,22210,22208,22207,22206,22205,22204,22203,22202,22201,22200,22199,22199,22198,22197,22197,22196,22196,22196,22196,22195,22195,22195,22195,22195,22196,22196,22196,22196,22197,22197,22198,22198,22199,22200,22201,22201,22202,22203,22204,22206,22207,22208,22209,22211,22212
X21,22235,22233,22231,22229,22227,22225,22223,22222,22220,22219,22217,22216,22215,22214,22213,22212,22211,22210,22210,22209,22209,22208,22208,22208,22207,22207,22207,22207,22208,22208,22208,22209,22209,22210,22210,22211,22212,22213,22214,22215,22216,22217,22219,22220,22222,22223,22225,22227,22229,22231,22233
X22,22224,22222,22220,22218,22216,22214,22212,22210,22209,22207,22206,22204,22203,22202,22201,22200,22199,22198,22197,22197,22196,22196,22196,22195,22195,22195,22195,22195,22195,22196,22196,22196,22197,22198,22198,22199,22200,22201,22202,22204,22205,22206,22208,22209,22211,22213,22215,22217,22219,22221,22223
X23,22212,22210,22209,22207,22205,22204,22202,22201,22199,22198,22197,22195,22194,22193,22192,22191,22190,22190,22189,22188,22188,22187,22187,22186,22186,22186,22186,22186,22186,22186,22186,22186,22186,22186,22187,22187,22188,22188,22189,22190,22191,22191,22192,22193,22194,22196,22197,22198,22199,22201,22202
X24,22202,22200,22198,22197,22195,22193,22192,22190,22189,22188,22186,22185,22184,22183,22182,22181,22181,22180,22179,22179,22178,22178,22177,22177,22177,22177,22176,22176,22176,22177,22177,22177,22177,22178,22178,22179,22180,22180,22181,22182,22183,22184,22185,22186,22187,22188,22190,22191,22193,22194,22196
X25,22208,22205,22203,22201,22199,22197,22196,22194,22193,22191,22190,22189,22187,22186,22185,22184,22184,22183,22182,22182,22181,22181,22181,22181,22181,22181,22181,22181,22181,22182,22182,22183,22183,22184,22185,22186,22187,22188,22189,22191,22192,22194,22195,22197,22199,22201,22202,22205,22207,22209,22211
X26,22216,22214,22212,22210,22208,22207,22205,22204,22202,22201,22199,22198,22197,22196,22195,22194,22193,22192,22192,22191,22190,22190,22190,22189,22189,22189,22189,22189,22189,22189,22189,22189,22190,22190,22191,22191,22192,22193,22194,22194,22195,22197,22198,22199,22200,22201,22203,22204,22206,22208,22209
X27,22226,22224,22222,22220,22218,22216,22215,22213,22212,22210,22209,22208,22207,22205,22204,22204,22203,22202,22201,22201,22200,22200,22199,22199,22199,22199,22199,22199,22199,22199,22200,22200,22200,22201,22202,22202,22203,22204,22205,22206,22207,22208,22209,22211,22212,22214,22215,22217,22219,22221,22223
X28,22235,22233,22231,22230,22228,22226,22225,22223,22222,22221,22220,22218,22217,22216,22215,22215,22214,22213,22213,22212,22212,22211,22211,22211,22210,22210,22210,22210,22210,22211,22211,22211,22212,22212,22213,22213,22214,22215,22216,22217,22218,22219,22220,22221,22223,22224,22225,22227,22229,22230,22232
X29,22210,22209,22207,22205,22204,22202,22201,22199,22198,22197,22196,22195,22194,22193,22192,22191,22191,22190,22189,22189,22188,22188,22188,22187,22187,22187,22187,22187,22187,22187,22188,22188,22188,22189,22189,22190,22190,22191,22192,22193,22194,22195,22196,22197,22198,22199,22201,22202,22204,22205,22207
X30,22213,22212,22211,22210,22209,22209,22208,22207,22206,22206,22205,22204,22204,22203,22203,22202,22202,22201,22201,22201,22200,22200,22200,22200,22200,22200,22200,22200,22200,22200,22200,22200,22200,22200,22200,22201,22201,22201,22202,22202,22202,22203,22203,22204,22205,22205,22206,22207,22207,22208,22209
X31,22220,22219,22218,22217,22216,22215,22214,22213,22212,22211,22210,22209,22209,22208,22207,22207,22206,22205,22205,22204,22204,22203,22203,22202,22202,22202,22201,22201,22201,22201,22201,22201,22201,22200,22200,22201,22201,22201,22201,22201,22201,22202,22202,22202,22203,22203,22203,22204,22204,22205,22205
X32,22234,22232,22230,22229,22227,22226,22224,22223,22222,22220,22219,22218,22217,22216,22215,22214,22213,22212,22211,22211,22210,22210,22209,22209,22208,22208,22207,22207,22207,22207,22207,22207,22207,22207,22207,22207,22207,22208,22208,22209,22209,22210,22210,22211,22212,22212,22213,22214,22215,22216,22217
X33,22240,22238,22237,22235,22234,22233,22232,22230,22229,22228,22227,22226,22225,22224,22223,22222,22222,22221,22220,22219,22219,22218,22218,22217,22217,22216,22216,22215,22215,22215,22214,22214,22214,22214,22214,22214,22214,22214,22214,22214,22214,22214,22215,22215,22215,22215,22216,22216,22217,22217,22218
X34,22234,22231,22228,22225,22223,22220,22218,22215,22213,22211,22209,22207,22205,22203,22202,22200,22199,22197,22196,22195,22194,22193,22192,22191,22190,22190,22189,22189,22188,22188,22188,22188,22188,22188,22188,22189,22189,22190,22190,22191,22192,22193,22193,22195,22196,22197,22198,22200,22201,22203,22205
X35,22238,22234,22231,22228,22225,22222,22220,22217,22215,22212,22210,22208,22205,22203,22202,22200,22198,22197,22195,22194,22192,22191,22190,22189,22189,22188,22187,22187,22186,22186,22186,22186,22186,22186,22186,22186,22187,22187,22188,22189,22190,22191,22192,22193,22194,22195,22197,22198,22200,22202,22204
X36,22272,22268,22264,22260,22257,22253,22249,22246,22243,22240,22237,22234,22232,22229,22227,22224,22222,22220,22219,22217,22215,22214,22213,22211,22210,22209,22209,22208,22208,22207,22207,22207,22207,22207,22208,22208,22209,22209,22210,22211,22212,22214,22215,22216,22218,22220,22222,22224,22226,22229,22231
X37,22302,22297,22293,22289,22286,22282,22278,22275,22272,22269,22266,22263,22260,22258,22255,22253,22251,22249,22247,22245,22244,22242,22241,22240,22239,22238,22238,22237,22237,22236,22236,22236,22236,22237,22237,22238,22238,22239,22240,22241,22243,22244,22246,22247,22249,22251,22253,22256,22258,22261,22263

// Sensor Y line trend data
,Y0,Y1,Y2,Y3,Y4,Y5,Y6,Y7,Y8,Y9,Y10,Y11,Y12,Y13,Y14,Y15,Y16,Y17,Y18,Y19,Y20,Y21,Y22,Y23,Y24,Y25,Y26,Y27,Y28,Y29,Y30,Y31,Y32,Y33,Y34,Y35,Y36,Y37,Y38,Y39,Y40,Y41,Y42,Y43,Y44,Y45,Y46,Y47,Y48,Y49,Y50
X0,22101,22101,22134,22135,22096,22108,22148,22125,22097,22108,22123,22106,22202,22204,22125,22146,22156,22095,21979,22110,22024,22100,22146,22084,22026,22117,22014,22161,22109,22153,22123,22110,22046,22043,22204,22139,22110,22121,22137,22067,22079,22033,22182,22155,22126,22050,22167,22125,22104,22161,22034
X1,22101,22105,22139,22140,22101,22113,22151,22129,22103,22111,22128,22112,22210,22211,22131,22153,22162,22101,21985,22118,22032,22106,22151,22092,22033,22121,22019,22166,22115,22158,22128,22118,22053,22049,22208,22144,22116,22126,22143,22074,22087,22038,22190,22162,22133,22058,22174,22133,22112,22169,22043
X2,22102,22108,22144,22146,22106,22117,22155,22133,22108,22115,22134,22117,22217,22217,22136,22160,22169,22108,21992,22126,22039,22111,22156,22099,22039,22126,22024,22171,22121,22163,22134,22125,22060,22055,22212,22149,22122,22132,22150,22081,22095,22042,22198,22170,22140,22065,22181,22140,22120,22177,22051
X3,22102,22112,22149,22152,22111,22121,22159,22138,22112,22119,22139,22123,22225,22223,22142,22167,22175,22113,21998,22134,22046,22116,22161,22105,22045,22131,22028,22176,22127,22168,22140,22131,22067,22061,22215,22154,22128,22137,22156,22088,22102,22047,22205,22177,22147,22072,22188,22148,22128,22184,22059
X4,22103,22115,22154,22157,22116,22126,22162,22142,22117,22123,22145,22128,22232,22229,22147,22173,22181,22119,22004,22141,22052,22122,22166,22112,22051,22135,22033,22180,22133,22172,22145,22138,22073,22066,22218,22159,22133,22142,22162,22095,22109,22051,22213,22184,22154,22079,22194,22155,22135,22191,22067
X5,22104,22119,22158,22163,22121,22130,22166,22146,22122,22127,22150,22133,22239,22235,22152,22179,22187,22125,22010,22149,22058,22127,22170,22118,22056,22140,22037,22185,22139,22176,22150,22144,22079,22071,22222,22163,22138,22147,22168,22101,22115,22055,22219,22190,22160,22086,22200,22162,22142,22198,22075
X6,22105,22122,22163,22168,22126,22134,22170,22150,22126,22131,22155,22138,22245,22240,22157,22185,22193,22130,22016,22155,22065,22132,22175,22124,22062,22144,22041,22189,22144,22181,22154,22150,22085,22076,22225,22167,22144,22152,22173,22107,22122,22059,22226,22196,22166,22092,22206,22169,22149,22205,22082
X7,22106,22126,22167,22173,22131,22138,22173,22153,22131,22135,22160,22143,22252,22245,22161,22191,22199,22135,22021,22162,22070,22136,22179,22130,22067,22148,22045,22193,22149,22185,22159,22155,22090,22080,22228,22171,22148,22157,22179,22113,22128,22063,22232,22202,22172,22098,22212,22175,22155,22211,22089
X8,22108,22129,22172,22178,22135,22143,22177,22157,22135,22138,22164,22148,22257,22250,22166,22197,22204,22141,22026,22169,22076,22141,22184,22136,22072,22152,22049,22197,22154,22189,22163,22161,22096,22085,22231,22175,22153,22162,22184,22119,22134,22067,22238,22208,22178,22104,22217,22181,22161,22217,22096
X9,22109,22133,22176,22182,22140,22147,22180,22161,22139,22142,22169,22152,22263,22255,22170,22202,22209,22146,22031,22175,22082,22146,22188,22141,22076,22156,22053,22201,22159,22192,22167,22166,22101,22089,22234,22179,22158,22166,22189,22124,22140,22071,22244,22213,22183,22110,22223,22187,22167,22223,22102
X10,22111,22136,22180,22187,22144,22151,22184,22164,22143,22146,22173,22156,22268,22260,22174,22207,22215,22150,22036,22181,22087,22150,22192,22146,22081,22160,22057,22204,22163,22196,22171,22171,22105,22093,22237,22183,22162,22170,22194,22129,22145,22074,22249,22218,22188,22115,22228,22192,22172,22228,22108
X11,22113,22140,22184,22192,22149,22155,22187,22168,22147,22149,22177,22161,22274,22264,22178,22212,22220,22155,22041,22186,22092,22154,22196,22151,22085,22164,22060,22208,22168,22199,22175,22175,22110,22097,22239,22186,22166,22175,22198,22134,22150,22078,22254,22222,22193,22120,22232,22197,22177,22233,22114
X12,22114,22143,22188,22196,22153,22159,22191,22171,22150,22153,22181,22165,22278,22268,22182,22217,22225,22160,22046,22192,22096,22158,22200,22156,22089,22167,22063,22211,22172,22203,22178,22180,22114,22100,22242,22189,22170,22179,22202,22138,22155,22082,22259,22227,22197,22124,22237,22202,22182,22238,22119
X13,22116,22147,22192,22200,22157,22163,22194,22175,22154,22156,22185,22169,22283,22272,22186,22222,22229,22164,22050,22197,22101,22162,22204,22160,22093,22171,22066,22214,22176,22206,22182,22184,22118,22103,22244,22192,22174,22182,22206,22143,22160,22085,22263,22231,22201,22129,22241,22206,22186,22242,22124
X14,22119,22150,22196,22204,22161,22167,22197,22178,22158,22160,22189,22172,22287,22275,22189,22226,22234,22168,22054,22202,22105,22166,22208,22164,22097,22174,22069,22217,22179,22209,22185,22187,22121,22106,22247,22195,22177,22186,22210,22147,22164,22088,22268,22234,22205,22133,22245,22210,22191,22247,22129
X15,22121,22153,22199,22208,22165,22171,22201,22181,22161,22163,22193,22176,22291,22278,22193,22230,22238,22172,22058,22206,22109,22170,22212,22169,22100,22178,22072,22219,22182,22212,22187,22191,22124,22109,22249,22198,22181,22190,22214,22151,22169,22092,22271,22238,22209,22137,22248,22214,22194,22250,22134
X16,22123,22157,22203,22212,22169,22175,22204,22184,22164,22167,22196,22179,22294,22281,22196,22234,22243,22176,22062,22211,22113,22173,22215,22172,22103,22181,22074,22221,22186,22214,22190,22194,22127,22112,22251,22200,22184,22193,22217,22154,22172,22095,22275,22241,22213,22140,22252,22218,22198,22254,22138
X17,22126,22160,22206,22216,22173,22178,22207,22187,22167,22170,22199,22182,22297,22284,22199,22238,22247,22180,22066,22215,22116,22177,22219,22176,22106,22184,22076,22224,22189,22217,22192,22197,22130,22114,22253,22203,22186,22196,22220,22158,22176,22098,22278,22243,22216,22144,22255,22221,22201,22257,22142
X18,22129,22164,22210,22219,22177,22182,22211,22190,22170,22174,22203,22185,22300,22287,22202,22242,22251,22184,22069,22218,22120,22180,22222,22179,22109,22187,22078,22226,22191,22220,22194,22200,22133,22116,22255,22205,22189,22199,22223,22161,22180,22101,22281,22246,22219,22147,22257,22224,22204,22260,22145
X19,22131,22167,22213,22223,22181,22186,22214,22192,22173,22177,22206,22188,22303,22289,22205,22245,22255,22187,22072,22222,22123,22183,22225,22182,22112,22189,22080,22227,22194,22222,22196,22202,22135,22118,22257,22207,22192,22202,22226,22163,22183,22104,22284,22248,22221,22149,22260,22227,22206,22263,22148
X20,22134,22170,22216,22226,22185,22190,22217,22195,22176,22180,22208,22191,22305,22291,22207,22248,22258,22190,22075,22225,22125,22186,22228,22185,22114,22192,22082,22229,22196,22224,22198,22205,22137,22120,22259,22209,22194,22205,22228,22166,22186,22107,22287,22250,22224,22152,22262,22229,22209,22266,22151
X21,22137,22174,22219,22229,22188,22194,22220,22198,22178,22184,22211,22193,22307,22293,22209,22251,22262,22193,22078,22228,22128,22189,22232,22188,22116,22195,22084,22230,22198,22226,22199,22207,22138,22121,22260,22210,22196,22207,22230,22168,22188,22109,22289,22251,22226,22154,22264,22231,22210,22268,22154
X22,22141,22177,22222,22232,22192,22197,22223,22200,22181,22187,22214,22196,22309,22295,22212,22254,22265,22196,22081,22231,22130,22192,22235,22191,22118,22197,22085,22231,22200,22228,22201,22208,22139,22123,22262,22212,22198,22210,22232,22170,22191,22112,22291,22252,22228,22156,22266,22233,22212,22270,22156
X23,22144,22181,22225,22235,22195,22201,22227,22202,22183,22190,22216,22198,22311,22296,22214,22257,22269,22199,22083,22233,22133,22194,22237,22193,22120,22199,22086,22232,22201,22230,22202,22210,22140,22124,22263,22213,22200,22212,22234,22172,22193,22114,22292,22253,22229,22157,22268,22235,22213,22271,22158
X24,22147,22184,22228,22237,22199,22205,22230,22205,22185,22193,22218,22200,22312,22297,22216,22259,22272,22202,22085,22236,22134,22197,22240,22195,22121,22202,22087,22233,22203,22231,22202,22211,22141,22125,22265,22214,22201,22214,22235,22174,22195,22117,22293,22254,22231,22159,22269,22236,22214,22273,22159
X25,22151,22187,22230,22240,22202,22208,22233,22207,22187,22197,22220,22202,22312,22298,22217,22261,22275,22205,22087,22238,22136,22199,22243,22197,22122,22204,22088,22234,22204,22233,22203,22212,22142,22125,22266,22215,22202,22216,22237,22175,22196,22119,22294,22254,22232,22160,22270,22237,22215,22274,22161
X26,22155,22191,22233,22242,22205,22212,22236,22209,22189,22200,22222,22204,22313,22299,22219,22263,22278,22207,22089,22239,22137,22201,22246,22198,22123,22206,22089,22234,22205,22234,22203,22213,22142,22126,22267,22216,22203,22218,22238,22176,22198,22121,22295,22254,22233,22160,22271,22237,22215,22274,22162
X27,22159,22194,22235,22245,22208,22215,22239,22211,22191,22203,22224,22205,22313,22299,22220,22265,22280,22209,22091,22241,22139,22204,22248,22200,22124,22208,22090,22234,22206,22235,22204,22213,22142,22126,22268,22216,22204,22220,22239,22177,22199,22124,22296,22253,22233,22161,22271,22238,22215,22275,22162
X28,22163,22197,22238,22247,22211,22219,22242,22213,22193,22206,22225,22207,22313,22299,22222,22266,22283,22211,22092,22242,22140,22205,22250,22201,22125,22209,22090,22234,22206,22236,22203,22213,22141,22126,22269,22217,22205,22221,22239,22177,22200,22126,22296,22253,22234,22161,22271,22238,22215,22275,22163
X29,22167,22201,22240,22249,22214,22222,22245,22215,22194,22209,22227,22208,22313,22299,22223,22268,22285,22213,22094,22243,22140,22207,22253,22202,22125,22211,22090,22234,22206,22237,22203,22213,22140,22125,22270,22217,22205,22223,22240,22178,22200,22128,22295,22252,22234,22161,22271,22237,22214,22275,22163
X30,22171,22204,22242,22251,22217,22226,22248,22217,22196,22212,22228,22209,22312,22299,22224,22269,22287,22215,22095,22243,22141,22209,22255,22203,22125,22213,22090,22234,22206,22238,22203,22213,22139,22125,22271,22217,22205,22224,22240,22178,22201,22130,22295,22250,22233,22161,22271,22237,22213,22274,22162
X31,22176,22207,22244,22253,22220,22229,22250,22218,22197,22215,22229,22210,22311,22298,22224,22270,22289,22216,22096,22244,22141,22210,22257,22203,22125,22214,22090,22233,22206,22238,22202,22212,22138,22124,22271,22217,22206,22225,22240,22178,22201,22131,22294,22249,22233,22160,22270,22236,22212,22273,22162
X32,22180,22211,22246,22254,22223,22232,22253,22220,22198,22218,22230,22211,22310,22297,22225,22271,22291,22218,22097,22244,22141,22212,22259,22203,22125,22215,22090,22232,22206,22239,22201,22211,22137,22123,22272,22216,22205,22226,22239,22177,22200,22133,22293,22247,22232,22159,22269,22235,22210,22272,22161
X33,22185,22214,22248,22256,22226,22236,22256,22222,22199,22221,22231,22211,22308,22296,22225,22271,22293,22219,22097,22244,22141,22213,22261,22203,22125,22217,22089,22231,22205,22239,22200,22210,22135,22122,22272,22216,22205,22226,22239,22177,22200,22135,22292,22244,22231,22158,22268,22233,22208,22271,22159
X34,22190,22217,22249,22257,22228,22239,22259,22223,22200,22224,22232,22212,22306,22295,22226,22271,22295,22220,22097,22243,22140,22214,22263,22203,22124,22218,22089,22230,22204,22239,22198,22208,22133,22121,22273,22215,22204,22227,22238,22176,22199,22136,22290,22242,22230,22156,22267,22231,22206,22269,22158
X35,22194,22221,22251,22258,22231,22242,22262,22224,22201,22226,22232,22212,22304,22294,22226,22272,22296,22221,22098,22242,22139,22215,22264,22203,22123,22219,22088,22229,22203,22239,22197,22207,22130,22119,22273,22214,22204,22227,22237,22174,22198,22138,22288,22239,22229,22154,22265,22229,22204,22267,22156
X36,22200,22224,22252,22259,22233,22245,22264,22226,22202,22229,22232,22212,22302,22292,22226,22272,22298,22222,22098,22241,22139,22216,22266,22202,22122,22220,22087,22227,22202,22239,22195,22205,22128,22117,22273,22213,22203,22228,22236,22173,22197,22139,22286,22235,22227,22152,22263,22227,22201,22265,22154
X37,22205,22227,22254,22260,22236,22249,22267,22227,22203,22232,22233,22212,22299,22290,22225,22271,22299,22223,22097,22240,22137,22217,22267,22201,22121,22220,22086,22225,22200,22238,22193,22203,22125,22115,22273,22212,22202,22228,22235,22171,22196,22140,22284,22232,22225,22150,22261,22224,22197,22263,22151

// Sensor X line variant data(distance to trend)
,Y0,Y1,Y2,Y3,Y4,Y5,Y6,Y7,Y8,Y9,Y10,Y11,Y12,Y13,Y14,Y15,Y16,Y17,Y18,Y19,Y20,Y21,Y22,Y23,Y24,Y25,Y26,Y27,Y28,Y29,Y30,Y31,Y32,Y33,Y34,Y35,Y36,Y37,Y38,Y39,Y40,Y41,Y42,Y43,Y44,Y45,Y46,Y47,Y48,Y49,Y50
X0,-24,-30,11,22,-12,-5,26,0,-10,-6,0,-5,95,93,1,28,27,-22,-113,12,-78,-18,28,-3,-67,21,-97,49,-2,40,15,14,-61,-76,82,38,5,26,32,-31,-11,-73,77,54,28,-47,52,12,-12,50,-113
X1,-26,-24,8,11,-20,-21,26,14,-18,-10,2,8,101,98,-2,27,45,-11,-112,4,-72,-18,52,-17,-73,16,-90,36,9,56,24,4,-61,-89,86,21,0,20,35,-33,-34,-60,82,51,25,-55,39,0,-10,58,-78
X2,-38,-17,18,31,-28,-9,40,8,-23,-29,4,-6,90,93,7,28,60,-22,-138,7,-75,-9,46,-19,-82,19,-86,49,10,61,8,3,-55,-43,86,32,-2,4,38,-26,-34,-75,75,39,23,-57,68,4,-14,47,-82
X3,-42,-25,16,23,-6,-4,33,-2,-20,-14,12,-10,85,89,11,37,61,-5,-134,9,-91,-7,42,-34,-96,7,-104,53,17,52,17,10,-57,-59,91,36,16,11,43,-25,-10,-83,73,51,16,-75,59,15,-12,31,-75
X4,-39,-27,14,29,-11,-7,38,7,-24,-27,2,-14,82,87,15,50,53,-17,-129,13,-62,5,33,-33,-75,7,-102,56,-2,42,22,2,-66,-42,90,27,-4,14,40,-36,-1,-71,76,46,12,-68,58,-3,-4,42,-73
X5,-48,-25,11,27,-14,0,23,17,-23,-19,-6,-21,84,88,20,40,49,6,-120,18,-76,7,45,-14,-73,-4,-94,48,1,44,26,14,-59,-57,98,33,0,5,19,-52,-30,-96,83,44,3,-68,55,18,4,60,-67
X6,-42,-47,5,23,-16,-1,25,13,-16,-5,13,-8,83,86,12,53,57,-6,-123,23,-86,-3,40,-11,-72,9,-85,59,10,29,22,5,-45,-78,87,18,-5,4,23,-36,-30,-94,68,46,-1,-57,57,21,6,51,-56
X7,-46,-33,13,16,-14,-9,19,4,-17,-9,17,-7,94,80,10,54,65,3,-121,22,-75,3,34,-22,-87,-4,-104,67,4,40,22,32,-42,-54,91,10,-15,9,10,-51,-42,-106,69,60,25,-57,62,28,-12,51,-58
X8,-55,-34,9,9,-34,-9,34,16,-19,-16,14,-13,111,123,28,60,55,-12,-147,6,-67,6,36,-11,-77,2,-95,67,12,50,7,9,-52,-65,73,26,-3,6,25,-56,-50,-105,62,38,16,-65,59,38,6,51,-43
X9,-49,-46,17,18,-40,-25,14,7,6,-2,24,-13,122,108,29,58,59,-12,-140,24,-68,1,36,-12,-82,-3,-104,53,-8,45,11,11,-53,-58,84,32,8,-15,10,-54,-41,-105,69,38,15,-41,63,46,-2,54,-65
X10,-45,-9,15,3,-67,-39,6,-1,-17,-6,32,9,137,115,42,61,64,0,-124,16,-70,-5,29,-21,-73,-8,-102,47,9,26,9,-1,-66,-71,84,25,5,-3,11,-48,-30,-98,91,46,14,-57,57,32,13,60,-75
X11,-57,-13,14,12,-27,-27,4,-9,-32,-10,21,3,127,122,42,74,49,-9,-128,33,-74,-16,21,7,-80,-11,-97,53,1,25,5,15,-61,-75,74,13,-1,8,20,-45,-26,-84,90,55,19,-54,57,9,-3,53,-61
X12,-68,-12,5,4,-29,-14,14,-17,-30,-7,29,19,144,131,34,54,59,-11,-114,24,-86,-26,26,1,-74,-5,-100,45,-10,22,1,8,-62,-77,72,22,2,9,32,-40,-14,-92,92,41,31,-57,44,18,1,50,-62
X13,-53,-19,23,-2,-36,-33,16,-10,-29,6,34,6,124,128,36,64,62,-11,-127,21,-86,-29,35,-11,-76,-3,-106,37,4,31,-3,8,-57,-63,74,7,-10,19,46,-33,-12,-83,86,38,21,-49,53,20,-9,46,-70
X14,-50,-29,16,5,-32,-17,18,-3,-9,-2,22,1,125,113,30,58,57,-14,-114,18,-90,-25,23,-26,-78,-2,-101,51,4,32,1,6,-50,-60,78,18,5,4,41,-32,-8,-91,84,51,9,-52,55,19,-10,52,-78
X15,-59,-24,18,17,-31,-16,19,2,-13,7,26,-10,109,96,11,45,58,-3,-115,26,-71,0,17,-14,-65,2,-102,40,-8,24,-3,5,-57,-65,87,24,2,19,36,-35,-21,-102,84,53,26,-56,53,25,-6,53,-85
X16,-65,-26,20,26,-12,4,11,-5,-39,-11,23,-5,114,84,14,51,49,-6,-112,22,-59,7,33,-3,-67,8,-108,31,12,19,-2,-8,-60,-83,71,18,18,16,34,-27,-2,-93,86,55,10,-63,57,18,-1,46,-76
X17,-72,-41,25,22,-2,-5,29,-2,-21,-16,19,0,111,82,9,40,57,3,-115,17,-63,4,58,-1,-81,5,-111,34,6,21,-5,1,-57,-78,65,8,13,16,35,-22,-8,-98,96,51,8,-50,54,16,0,52,-81
X18,-83,-39,11,28,-5,4,35,2,-12,-16,5,6,107,91,3,39,58,-1,-111,27,-52,9,37,8,-83,-3,-117,31,2,26,16,9,-53,-78,72,13,4,-11,33,-26,-18,-91,91,50,18,-60,39,9,3,67,-65
X19,-91,-40,28,32,-4,-1,20,10,-10,-17,3,1,111,90,-1,42,54,9,-115,31,-52,6,37,-4,-81,2,-116,30,-3,32,5,15,-55,-78,79,11,2,14,19,-38,-5,-94,95,42,12,-54,35,17,-1,63,-63
X20,-78,-38,11,34,7,-5,21,14,-13,-28,2,2,104,76,6,47,65,2,-112,40,-46,-5,26,-4,-95,10,-114,29,3,33,23,27,-59,-85,64,11,-1,14,32,-33,-23,-93,98,47,19,-60,52,8,-5,60,-65
X21,-77,-30,0,31,-2,-4,12,4,-18,-23,17,3,111,98,4,51,66,6,-113,32,-66,-4,45,3,-84,6,-107,37,3,41,11,4,-58,-88,40,15,-6,11,44,-32,-16,-110,81,66,25,-67,49,22,-8,60,-60
X22,-77,-39,18,41,-3,-25,9,2,-16,-15,18,1,116,98,8,51,76,-13,-109,46,-66,3,33,-15,-79,1,-114,27,7,43,6,18,-60,-85,50,27,-16,14,11,-35,-6,-85,82,55,19,-56,70,26,-9,47,-72
X23,-76,-43,26,38,-3,-6,5,7,-4,-23,7,2,105,97,4,52,67,-14,-121,34,-72,-19,51,-17,-77,1,-106,49,18,47,6,14,-57,-84,58,18,-17,4,33,-21,6,-91,68,33,25,-55,60,20,-11,54,-66
X24,-68,-42,13,42,-12,-14,14,-8,-8,-11,13,-7,112,97,19,55,71,-9,-106,39,-74,-31,42,-12,-89,6,-109,29,14,48,21,18,-56,-76,51,14,-11,10,31,-28,-2,-93,71,29,20,-45,55,18,-13,45,-47
X25,-64,-47,5,40,0,-2,21,-8,-9,-4,-7,-15,102,91,7,63,80,0,-115,52,-83,-24,35,-1,-71,14,-113,33,7,40,-3,22,-59,-73,53,7,-11,-6,27,-23,-3,-76,76,50,17,-45,51,15,-1,40,-62
X26,-70,-30,0,35,-2,18,38,-23,-44,-33,5,-2,93,83,5,58,82,15,-95,53,-59,-11,42,-1,-69,-8,-105,31,-2,29,5,16,-57,-77,50,11,-14,-6,27,-32,-19,-91,94,47,27,-46,55,26,-1,46,-69
X27,-55,-31,13,25,-11,7,36,-27,-52,-13,4,-9,93,80,10,59,78,17,-112,44,-55,1,50,-8,-71,11,-103,40,-7,34,7,12,-74,-69,47,0,-23,24,21,-40,-6,-77,87,45,24,-56,62,5,-1,48,-59
X28,-52,-33,13,30,-9,-6,35,2,-30,-19,-8,-21,78,93,6,52,75,8,-108,41,-67,-3,54,2,-75,20,-114,22,13,38,-1,8,-59,-75,56,2,2,12,42,-32,-18,-80,89,31,16,-59,59,11,-2,53,-64
X29,-68,-20,19,35,-19,-5,26,9,-18,-26,0,-6,78,86,-15,61,77,-6,-122,44,-53,12,53,-4,-72,6,-120,25,-8,29,0,13,-49,-81,62,14,3,13,49,-20,-18,-77,73,39,23,-45,51,10,-17,41,-58
X30,-54,-18,0,10,-6,2,33,2,-33,-15,4,-14,88,84,0,56,85,-4,-126,34,-62,22,61,-4,-68,7,-117,16,8,27,-3,8,-59,-60,72,14,3,22,34,-22,-29,-103,61,31,19,-64,61,24,4,49,-55
X31,-60,-22,7,22,-7,8,24,2,-37,-35,-5,-27,94,89,16,72,90,11,-119,31,-77,16,70,-3,-81,5,-113,29,5,40,-2,3,-64,-72,64,-2,6,20,29,-35,-20,-81,74,17,28,-60,60,14,-1,57,-55
X32,-69,-40,12,9,-13,11,38,6,-27,-12,7,-27,102,91,18,63,76,11,-112,32,-60,15,46,-6,-78,11,-125,29,2,30,-4,3,-81,-86,71,5,9,20,34,-36,-21,-80,77,46,26,-51,52,15,-12,56,-57
X33,-58,-21,6,6,-33,6,32,-19,-24,4,12,-11,96,78,26,63,71,12,-123,42,-51,6,64,1,-80,9,-128,38,2,33,-19,3,-85,-72,69,9,-6,23,25,-31,-14,-67,88,30,11,-71,48,15,-8,73,-53
X34,-50,-26,2,21,-32,-6,21,-16,-21,11,10,1,94,86,5,56,76,17,-126,26,-68,15,49,11,-81,17,-106,40,4,30,-7,-3,-87,-97,66,12,4,27,35,-38,-1,-77,81,18,19,-51,58,15,-10,58,-59
X35,-54,-26,7,9,-5,-5,26,-18,-27,13,19,-3,97,70,8,49,72,-4,-105,19,-64,5,48,1,-77,18,-112,32,2,44,-12,12,-71,-92,80,9,-10,19,21,-35,-8,-67,80,46,19,-47,50,24,-7,51,-77
X36,-62,-25,2,7,8,2,18,2,-37,14,22,-11,74,69,18,59,95,-1,-112,22,-74,14,49,-1,-94,9,-107,18,-11,37,1,0,-64,-80,76,14,13,22,29,-33,3,-72,86,27,15,-59,46,31,-17,48,-63
X37,-65,-31,14,9,-14,6,12,-8,-16,14,21,5,91,74,20,53,78,22,-110,34,-94,-11,55,-18,-92,9,-122,22,-3,26,-7,1,-64,-87,86,26,4,30,41,-31,3,-61,95,32,10,-58,54,13,-15,39,-64

// Sensor Y line variant data(distance to trend)
,Y0,Y1,Y2,Y3,Y4,Y5,Y6,Y7,Y8,Y9,Y10,Y11,Y12,Y13,Y14,Y15,Y16,Y17,Y18,Y19,Y20,Y21,Y22,Y23,Y24,Y25,Y26,Y27,Y28,Y29,Y30,Y31,Y32,Y33,Y34,Y35,Y36,Y37,Y38,Y39,Y40,Y41,Y42,Y43,Y44,Y45,Y46,Y47,Y48,Y49,Y50
X0,14,5,11,18,21,14,3,-3,13,5,-6,4,7,1,-13,-8,-20,-9,15,8,3,-14,-14,17,10,7,-8,-9,-8,-10,-4,8,-2,-14,-16,6,3,14,5,13,23,8,11,16,21,24,8,12,11,18,-15
X1,6,2,-2,-2,4,-11,-4,5,-3,-4,-10,10,4,-1,-22,-16,-8,-3,11,-7,3,-18,7,-3,0,1,-3,-24,0,4,3,-7,-6,-30,-13,-13,-5,5,5,7,-6,18,9,8,12,9,-11,-7,5,18,11
X2,-2,11,9,19,-2,5,15,3,-4,-18,-5,2,-3,-1,-7,-10,12,-9,-10,1,6,-1,9,1,-2,12,9,-2,9,18,-5,-1,7,24,-3,7,0,-3,14,20,-1,13,8,1,16,13,23,2,5,11,10
X3,-3,4,8,12,23,15,14,0,8,6,12,6,-1,5,7,8,24,20,6,12,0,14,18,-3,-5,12,4,12,25,19,12,13,10,14,10,15,21,7,20,19,20,2,-1,5,0,-16,1,-3,-10,-24,-5
X4,13,12,14,26,27,20,29,18,12,2,9,10,2,10,19,28,23,15,18,23,36,33,17,5,24,22,14,25,14,19,26,13,10,41,20,16,11,20,26,17,38,26,11,10,6,0,11,-11,8,-2,7
X5,-11,-3,-6,5,6,11,-2,12,-4,-5,-15,-13,-14,-7,8,1,2,21,10,9,6,20,14,7,10,-5,8,2,0,6,14,8,0,9,13,7,-1,-5,-13,-17,-9,-15,-1,-11,-22,-19,-11,-10,-4,-5,-9
X6,-8,-31,-21,-9,-7,0,-11,-4,-10,-4,-11,-16,-32,-25,-16,-4,-8,-9,-12,-5,-25,-9,-9,-9,-9,-10,-1,-5,-9,-27,-7,-20,-5,-29,-13,-24,-24,-23,-24,-17,-26,-26,-31,-23,-39,-21,-20,-19,-13,-24,-7
X7,-7,-16,-12,-17,-7,-10,-19,-15,-15,-12,-13,-21,-30,-38,-24,-11,-9,-8,-18,-17,-22,-10,-23,-30,-32,-30,-27,-4,-23,-22,-14,0,-8,-10,-12,-35,-37,-21,-41,-35,-40,-38,-30,-8,-12,-18,-12,-7,-26,-17,-2
X8,-23,-24,-25,-32,-33,-17,-9,-8,-21,-22,-19,-31,-16,2,-9,-9,-21,-26,-46,-36,-17,-9,-22,-21,-24,-25,-19,-5,-17,-14,-31,-26,-22,-24,-32,-22,-29,-29,-31,-47,-55,-43,-46,-40,-31,-37,-25,-10,-21,-31,-3
X9,-3,-25,-6,-12,-29,-22,-16,-5,15,3,2,-19,5,-2,4,0,-6,-14,-28,-8,-7,-2,-9,-10,-15,-16,-14,-5,-24,-4,-13,-12,-10,-3,-5,-2,-5,-35,-32,-31,-33,-28,-26,-25,-17,1,-7,12,-15,-14,-10
X10,12,23,3,-17,-44,-23,-11,1,6,14,25,18,34,20,33,19,14,15,5,0,8,10,2,-2,11,-3,6,8,11,-5,3,-7,-6,2,13,8,9,-7,-16,-10,-8,-5,10,-4,-6,-3,-2,10,11,2,-12
X11,-10,7,-10,-20,-16,-22,-23,-17,-19,1,5,3,14,19,25,23,-9,-2,-7,9,-4,-7,-12,19,-1,-11,7,9,-2,-9,-4,6,-5,-5,2,-5,1,1,-9,-10,-6,8,7,4,-2,-1,-2,-14,-6,-5,1
X12,-16,10,-19,-29,-19,-11,-15,-27,-19,1,9,14,26,23,12,-3,-5,-10,1,-7,-20,-22,-11,8,1,-7,2,0,-15,-13,-8,-2,-5,-5,3,8,8,8,9,3,13,10,19,1,23,10,0,11,16,11,21
X13,-2,1,-2,-35,-26,-29,-11,-18,-16,17,17,5,9,24,19,11,3,-5,-6,-5,-15,-19,4,3,5,1,4,0,6,3,-6,4,6,16,13,0,2,24,28,13,19,24,16,2,16,20,11,15,7,8,11
X14,-12,-22,-23,-42,-36,-27,-22,-24,-10,-5,-9,-13,-4,-3,0,-9,-17,-22,-7,-23,-33,-28,-22,-26,-10,-11,-4,1,-7,-8,-14,-10,1,7,5,-2,4,-5,9,0,9,3,-1,1,-10,2,-1,-1,-9,-2,-12
X15,1,3,-2,-13,-19,-11,-7,-4,0,17,6,-13,-10,-10,-10,-13,-8,-3,-1,-8,-8,3,-22,-9,9,-1,2,-2,-12,-9,-10,-5,1,9,23,12,9,18,13,6,4,2,11,15,19,12,12,20,12,17,-2
X16,20,23,22,18,22,31,8,12,-3,21,26,14,18,0,15,14,3,15,23,8,25,31,15,23,28,26,17,10,27,6,10,1,17,10,26,26,43,33,29,32,41,29,29,34,19,21,31,28,31,24,21
X17,25,21,39,24,42,32,36,23,23,24,29,26,21,4,16,7,15,27,23,5,24,30,42,26,16,25,17,14,22,10,9,11,21,17,22,16,39,33,30,36,34,23,39,31,17,33,28,26,32,31,15
X18,32,40,43,50,57,60,61,48,54,45,36,54,40,36,32,28,38,45,50,39,57,58,44,58,37,39,35,35,41,36,53,40,46,38,50,42,50,25,46,50,40,47,50,45,42,37,27,32,47,57,41
X19,8,22,42,35,39,36,28,39,37,25,15,30,24,16,8,11,12,35,25,21,36,34,22,24,17,23,14,13,13,20,19,23,20,15,33,15,22,24,6,12,26,17,27,11,8,15,-6,10,15,23,13
X20,7,9,11,22,34,16,14,27,18,-2,-1,15,2,-13,0,-1,6,11,11,12,26,5,-6,7,-13,13,-1,-5,2,4,21,18,0,-9,2,-1,3,7,3,1,-8,1,13,0,-1,-6,-3,-13,-5,5,-4
X21,21,29,12,31,37,27,15,28,24,12,23,26,19,19,8,12,15,23,19,13,15,15,21,23,7,18,16,14,13,23,20,6,13,1,-10,16,10,17,28,15,12,-2,11,35,21,2,10,18,11,23,19
X22,6,6,16,27,21,-8,-2,12,12,5,10,9,10,5,-3,-3,10,-11,7,12,0,7,-6,-11,-2,-1,-4,-9,2,11,1,6,-2,-10,-14,14,-14,5,-19,-1,8,9,-1,12,2,1,19,10,-2,-2,-5
X23,-8,-14,10,10,7,-3,-20,6,12,-15,-12,-1,-12,-6,-18,-14,-12,-23,-15,-11,-17,-26,1,-24,-11,-12,-6,3,3,3,-10,-10,-11,-22,-18,-8,-29,-20,-12,-3,4,-14,-32,-27,-10,-16,-11,-17,-25,-16,-22
X24,-13,-26,-17,2,-16,-26,-24,-23,-4,-16,-19,-22,-16,-17,-15,-23,-20,-31,-12,-18,-30,-50,-21,-30,-33,-19,-20,-28,-13,-6,-4,-16,-20,-23,-36,-21,-32,-24,-23,-20,-14,-26,-37,-39,-24,-16,-24,-27,-34,-34,-10
X25,-7,-29,-22,1,-3,-13,-16,-21,-3,-10,-37,-28,-23,-21,-25,-14,-11,-22,-20,-4,-38,-42,-27,-17,-12,-9,-20,-20,-16,-11,-24,-7,-18,-14,-28,-22,-26,-34,-21,-7,-7,-1,-23,-7,-16,-4,-17,-17,-9,-25,-12
X26,-9,-7,-21,3,1,13,7,-28,-31,-32,-18,-8,-23,-20,-19,-11,-3,0,8,5,-6,-22,-14,-10,-3,-25,-5,-14,-18,-16,-9,-8,-9,-13,-26,-14,-25,-31,-17,-14,-22,-15,-3,-8,-6,-5,-13,-7,-10,-20,-22
X27,12,-1,0,0,-1,8,12,-25,-31,-6,-11,-6,-13,-14,-6,-2,1,10,-2,4,6,-3,1,-9,4,2,6,5,-14,-2,3,-1,-16,6,-19,-14,-24,8,-13,-11,2,7,0,3,3,-3,6,-16,3,-6,2
X28,20,3,6,13,8,1,18,12,-1,-4,-13,-10,-18,10,-1,1,6,10,13,11,5,3,15,12,10,21,6,-2,17,13,7,6,12,11,0,-2,11,6,19,8,0,13,13,-1,5,4,13,0,12,8,5
X29,-25,-12,-14,-9,-29,-25,-18,-7,-14,-38,-31,-19,-41,-20,-46,-16,-17,-29,-27,-10,-5,-7,-12,-19,-10,-18,-23,-22,-27,-21,-15,-12,-1,-17,-19,-13,-12,-19,1,-5,-24,-10,-26,-16,-13,-7,-19,-25,-27,-29,-14
X30,-12,-10,-31,-31,-14,-15,-7,-8,-23,-21,-19,-19,-20,-12,-21,-11,0,-18,-20,-8,-3,13,6,-7,7,-6,-7,-18,2,-11,-6,-5,2,15,1,-2,-1,-1,-4,2,-28,-30,-31,-15,-9,-20,-4,-6,-2,-17,-8
X31,-16,-10,-19,-14,-11,-6,-12,-3,-22,-39,-24,-28,-8,-1,-1,9,7,0,-10,-9,-14,9,16,-4,-4,-7,-2,-3,0,3,-3,-8,-1,4,-7,-18,1,-4,-10,-12,-20,-10,-18,-30,-2,-17,-7,-18,-9,-11,-12
X32,-15,-19,-4,-16,-9,5,9,9,-3,-10,-4,-20,9,10,8,6,-2,5,2,-1,9,13,-4,0,5,4,-8,4,3,-2,2,-1,-11,-2,6,-4,11,2,3,-4,-12,-3,-6,10,6,2,-4,-6,-7,0,-1
X33,-3,3,-5,-15,-25,3,8,-11,6,11,8,4,13,6,24,14,0,14,0,17,27,11,21,15,12,8,-1,22,12,9,-5,7,-6,20,11,7,3,11,0,6,0,12,11,1,-5,-14,-4,-2,1,19,6
X34,-6,-12,-19,-11,-37,-25,-20,-24,-8,-2,-13,-4,-7,-6,-19,-15,-20,-6,-27,-22,-14,-6,-22,-1,-15,-11,-6,-1,-12,-21,-17,-23,-32,-30,-19,-14,-11,-10,-13,-23,-8,-20,-16,-29,-15,-10,-11,-16,-15,-8,-12
X35,-10,-13,-13,-21,-11,-25,-16,-25,-13,-1,-3,-7,-2,-21,-16,-23,-26,-28,-8,-29,-11,-19,-26,-13,-11,-13,-13,-10,-15,-9,-23,-9,-15,-25,-7,-19,-27,-21,-28,-20,-16,-14,-16,0,-16,-6,-18,-7,-11,-14,-29
X36,10,19,14,8,32,10,3,22,4,25,27,11,4,6,19,11,19,-3,9,-2,2,12,-4,8,-6,-2,15,-1,-5,5,13,2,15,10,11,9,19,3,3,5,18,3,15,8,6,9,5,28,8,12,14
X37,32,39,53,38,36,39,23,40,53,51,54,56,52,42,50,35,30,48,40,39,13,14,29,21,26,27,30,34,34,24,36,34,47,35,50,52,40,41,46,39,50,43,57,47,34,43,46,45,46,37,48

// List all sensor variant failure nodes (Empty is pass)
,Y0,Y1,Y2,Y3,Y4,Y5,Y6,Y7,Y8,Y9,Y10,Y11,Y12,Y13,Y14,Y15,Y16,Y17,Y18,Y19,Y20,Y21,Y22,Y23,Y24,Y25,Y26,Y27,Y28,Y29,Y30,Y31,Y32,Y33,Y34,Y35,Y36,Y37,Y38,Y39,Y40,Y41,Y42,Y43,Y44,Y45,Y46,Y47,Y48,Y49,Y50
X0,,,,,,,,,,,,,,,,,,,,,,,,,,,,,,,,,,,,,,,,,,,,,,,,,,,
X1,,,,,,,,,,,,,,,,,,,,,,,,,,,,,,,,,,,,,,,,,,,,,,,,,,,
X2,,,,,,,,,,,,,,,,,,,,,,,,,,,,,,,,,,,,,,,,,,,,,,,,,,,
X3,,,,,,,,,,,,,,,,,,,,,,,,,,,,,,,,,,,,,,,,,,,,,,,,,,,
X4,,,,,,,,,,,,,,,,,,,,,,,,,,,,,,,,,,,,,,,,,,,,,,,,,,,
X5,,,,,,,,,,,,,,,,,,,,,,,,,,,,,,,,,,,,,,,,,,,,,,,,,,,
X6,,,,,,,,,,,,,,,,,,,,,,,,,,,,,,,,,,,,,,,,,,,,,,,,,,,
X7,,,,,,,,,,,,,,,,,,,,,,,,,,,,,,,,,,,,,,,,,,,,,,,,,,,
X8,,,,,,,,,,,,,,,,,,,,,,,,,,,,,,,,,,,,,,,,,,,,,,,,,,,
X9,,,,,,,,,,,,,,,,,,,,,,,,,,,,,,,,,,,,,,,,,,,,,,,,,,,
X10,,,,,,,,,,,,,,,,,,,,,,,,,,,,,,,,,,,,,,,,,,,,,,,,,,,
X11,,,,,,,,,,,,,,,,,,,,,,,,,,,,,,,,,,,,,,,,,,,,,,,,,,,
X12,,,,,,,,,,,,,,,,,,,,,,,,,,,,,,,,,,,,,,,,,,,,,,,,,,,
X13,,,,,,,,,,,,,,,,,,,,,,,,,,,,,,,,,,,,,,,,,,,,,,,,,,,
X14,,,,,,,,,,,,,,,,,,,,,,,,,,,,,,,,,,,,,,,,,,,,,,,,,,,
X15,,,,,,,,,,,,,,,,,,,,,,,,,,,,,,,,,,,,,,,,,,,,,,,,,,,
X16,,,,,,,,,,,,,,,,,,,,,,,,,,,,,,,,,,,,,,,,,,,,,,,,,,,
X17,,,,,,,,,,,,,,,,,,,,,,,,,,,,,,,,,,,,,,,,,,,,,,,,,,,
X18,,,,,,,,,,,,,,,,,,,,,,,,,,,,,,,,,,,,,,,,,,,,,,,,,,,
X19,,,,,,,,,,,,,,,,,,,,,,,,,,,,,,,,,,,,,,,,,,,,,,,,,,,
X20,,,,,,,,,,,,,,,,,,,,,,,,,,,,,,,,,,,,,,,,,,,,,,,,,,,
X21,,,,,,,,,,,,,,,,,,,,,,,,,,,,,,,,,,,,,,,,,,,,,,,,,,,
X22,,,,,,,,,,,,,,,,,,,,,,,,,,,,,,,,,,,,,,,,,,,,,,,,,,,
X23,,,,,,,,,,,,,,,,,,,,,,,,,,,,,,,,,,,,,,,,,,,,,,,,,,,
X24,,,,,,,,,,,,,,,,,,,,,,,,,,,,,,,,,,,,,,,,,,,,,,,,,,,
X25,,,,,,,,,,,,,,,,,,,,,,,,,,,,,,,,,,,,,,,,,,,,,,,,,,,
X26,,,,,,,,,,,,,,,,,,,,,,,,,,,,,,,,,,,,,,,,,,,,,,,,,,,
X27,,,,,,,,,,,,,,,,,,,,,,,,,,,,,,,,,,,,,,,,,,,,,,,,,,,
X28,,,,,,,,,,,,,,,,,,,,,,,,,,,,,,,,,,,,,,,,,,,,,,,,,,,
X29,,,,,,,,,,,,,,,,,,,,,,,,,,,,,,,,,,,,,,,,,,,,,,,,,,,
X30,,,,,,,,,,,,,,,,,,,,,,,,,,,,,,,,,,,,,,,,,,,,,,,,,,,
X31,,,,,,,,,,,,,,,,,,,,,,,,,,,,,,,,,,,,,,,,,,,,,,,,,,,
X32,,,,,,,,,,,,,,,,,,,,,,,,,,,,,,,,,,,,,,,,,,,,,,,,,,,
X33,,,,,,,,,,,,,,,,,,,,,,,,,,,,,,,,,,,,,,,,,,,,,,,,,,,
X34,,,,,,,,,,,,,,,,,,,,,,,,,,,,,,,,,,,,,,,,,,,,,,,,,,,
X35,,,,,,,,,,,,,,,,,,,,,,,,,,,,,,,,,,,,,,,,,,,,,,,,,,,
X36,,,,,,,,,,,,,,,,,,,,,,,,,,,,,,,,,,,,,,,,,,,,,,,,,,,
X37,,,,,,,,,,,,,,,,,,,,,,,,,,,,,,,,,,,,,,,,,,,,,,,,,,,



//// 36) MicroDefect
PASS
    Max Diff 0.5(CX15-16) 0.4(BX36-37) 4.2(CY33-34) 4.1(BY0-1)
============ Settings =================
Use Half CT reference = 11 (50.0%)
X Center THR = 8%
X Border THR = 13%
Y Center THR = 8%
Y Border THR = 13%
Max center error at X15-X16=0.52%  Y33-Y34=4.22%
=====================================
X Line,X0-X1,X1-X2,X2-X3,X3-X4,X4-X5,X5-X6,X6-X7,X7-X8,X8-X9,X9-X10,X10-X11,X11-X12,X12-X13,X13-X14,X14-X15,X15-X16,X16-X17,X17-X18,X18-X19,X19-X20,X20-X21,X21-X22,X22-X23,X23-X24,X24-X25,X25-X26,X26-X27,X27-X28,X28-X29,X29-X30,X30-X31,X31-X32,X32-X33,X33-X34,X34-X35,X35-X36,X36-X37,
Diff,0.05%,0.32%,0.10%,0.30%,0.18%,0.14%,0.06%,0.11%,0.50%,0.18%,0.01%,0.33%,0.15%,0.14%,0.17%,0.52%,0.00%,0.33%,0.16%,0.14%,0.23%,0.43%,0.03%,0.16%,0.10%,0.06%,0.14%,0.22%,0.40%,0.03%,0.08%,0.37%,0.06%,0.33%,0.12%,0.44%,0.35%,
Pass?,,,,,,,,,,,,,,,,,,,,,,,,,,,,,,,,,,,,,,

Y Line,Y0-Y1,Y1-Y2,Y2-Y3,Y3-Y4,Y4-Y5,Y5-Y6,Y6-Y7,Y7-Y8,Y8-Y9,Y9-Y10,Y10-Y11,Y11-Y12,Y12-Y13,Y13-Y14,Y14-Y15,Y15-Y16,Y16-Y17,Y17-Y18,Y18-Y19,Y19-Y20,Y20-Y21,Y21-Y22,Y22-Y23,Y23-Y24,Y24-Y25,Y25-Y26,Y26-Y27,Y27-Y28,Y28-Y29,Y29-Y30,Y30-Y31,Y31-Y32,Y32-Y33,Y33-Y34,Y34-Y35,Y35-Y36,Y36-Y37,Y37-Y38,Y38-Y39,Y39-Y40,Y40-Y41,Y41-Y42,Y42-Y43,Y43-Y44,Y44-Y45,Y45-Y46,Y46-Y47,Y47-Y48,Y48-Y49,Y49-Y50,
Diff,4.07%,1.58%,0.29%,0.99%,1.65%,0.12%,0.04%,0.11%,1.08%,1.81%,0.67%,0.79%,1.79%,2.42%,0.16%,0.95%,0.81%,2.05%,2.91%,1.16%,0.09%,1.46%,0.46%,1.38%,2.82%,2.27%,2.29%,0.48%,0.58%,0.15%,0.28%,0.13%,1.67%,4.22%,2.73%,1.79%,0.00%,1.02%,0.91%,0.36%,1.41%,3.88%,1.22%,0.44%,1.57%,2.02%,0.04%,0.78%,0.98%,2.46%,
Pass?,,,,,,,,,,,,,,,,,,,,,,,,,,,,,,,,,,,,,,,,,,,,,,,,,,,





////
"Disclaimer: Atmel provides these tools to you for your assistance.  ATMEL ASSUMES NO LIABILITY WHATSOEVER AND DISCLAIMS ANY EXPRESS, IMPLIED OR STATUTORY WARRANTY RELATING TO THESE TOOLS, INCLUDING, BUT NOT LIMITED TO, THE IMPLIED WARRANTY OF MERCHANTABILITY, FITNESS FOR A PARTICULAR PURPOSE, OR NON-INFRINGEMENT. IN NO EVENT SHALL ATMEL BE LIABLE FOR ANY DIRECT, INDIRECT, CONSEQUENTIAL, PUNITIVE, SPECIAL OR INCIDENTAL DAMAGES (INCLUDING, WITHOUT LIMITATION, DAMAGES FOR LOSS AND PROFITS, BUSINESS INTERRUPTION, OR LOSS OF INFORMATION) ARISING OUT OF THE USE OR INABILITY TO USE THESE TOOLS OR FAILURE TO ACHIEVE PARTICULAR OUTCOMES WHEN USING THESE TOOLS, EVEN IF ATMEL HAS BEEN ADVISED OF THE POSSIBILITY OF SUCH DAMAGES. Atmel reserves the right to make changes to tools and their specifications at any time without notice. Atmel does not make any commitment to update the tools provided."////
