, 
Cm,Distribution
,Y0,Y1,Y2,Y3,Y4,Y5,Y6,Y7,Y8,Y9,Y10,Y11,Y12,Y13,Y14,Y15,Y16,Y17,Y18,Y19,Y20,Y21,Y22,Y23,Y24,Y25,Y26,Y27,Y28,Y29,Y30,Y31,Y32,Y33,Y34,Y35,Y36,Y37,Y38,Y39,Y40,Y41,Y42,Y43,Y44,Y45,Y46,Y47,Y48,Y49,Y50
X0,22381.0,22358.0,22423.0,22399.0,22406.0,22350.0,22350.0,22409.0,22299.0,22411.0,22416.0,22373.0,22397.0,22482.0,22502.0,22543.0,22534.0,22449.0,22358.0,22414.0,22459.0,22498.0,22501.0,22502.0,22540.0,22444.0,22509.0,22435.0,22531.0,22539.0,22513.0,22428.0,22548.0,22452.0,22613.0,22498.0,22586.0,22504.0,22467.0,22431.0,22485.0,22515.0,22487.0,22429.0,22493.0,22536.0,22518.0,22468.0,22514.0,22455.0,22396.0
X1,22373.0,22355.0,22438.0,22397.0,22426.0,22371.0,22385.0,22410.0,22305.0,22422.0,22434.0,22392.0,22425.0,22481.0,22507.0,22547.0,22566.0,22482.0,22395.0,22430.0,22475.0,22512.0,22528.0,22517.0,22554.0,22469.0,22514.0,22445.0,22538.0,22524.0,22512.0,22431.0,22561.0,22443.0,22617.0,22489.0,22574.0,22506.0,22474.0,22432.0,22486.0,22521.0,22489.0,22447.0,22491.0,22531.0,22515.0,22477.0,22520.0,22471.0,22411.0
X2,22373.0,22364.0,22432.0,22415.0,22422.0,22362.0,22380.0,22430.0,22303.0,22441.0,22431.0,22401.0,22425.0,22503.0,22506.0,22544.0,22564.0,22481.0,22386.0,22431.0,22458.0,22499.0,22520.0,22520.0,22558.0,22471.0,22514.0,22452.0,22540.0,22532.0,22498.0,22428.0,22564.0,22450.0,22607.0,22489.0,22576.0,22484.0,22468.0,22442.0,22481.0,22536.0,22487.0,22444.0,22495.0,22536.0,22510.0,22465.0,22510.0,22453.0,22408.0
X3,22391.0,22369.0,22447.0,22418.0,22434.0,22351.0,22388.0,22443.0,22328.0,22431.0,22437.0,22411.0,22434.0,22516.0,22523.0,22559.0,22562.0,22499.0,22406.0,22436.0,22486.0,22519.0,22532.0,22550.0,22572.0,22479.0,22536.0,22459.0,22547.0,22529.0,22531.0,22435.0,22569.0,22454.0,22609.0,22510.0,22578.0,22508.0,22481.0,22448.0,22499.0,22542.0,22490.0,22446.0,22501.0,22546.0,22529.0,22474.0,22519.0,22463.0,22419.0
X4,22386.0,22379.0,22453.0,22425.0,22411.0,22352.0,22406.0,22440.0,22318.0,22428.0,22438.0,22407.0,22433.0,22510.0,22519.0,22569.0,22554.0,22500.0,22396.0,22437.0,22496.0,22521.0,22543.0,22535.0,22567.0,22474.0,22543.0,22459.0,22551.0,22532.0,22534.0,22441.0,22552.0,22437.0,22607.0,22496.0,22575.0,22498.0,22473.0,22447.0,22497.0,22547.0,22512.0,22441.0,22510.0,22540.0,22521.0,22464.0,22515.0,22451.0,22420.0
X5,22396.0,22380.0,22458.0,22443.0,22449.0,22374.0,22416.0,22448.0,22329.0,22429.0,22452.0,22414.0,22438.0,22513.0,22521.0,22576.0,22589.0,22501.0,22394.0,22449.0,22508.0,22537.0,22548.0,22544.0,22582.0,22474.0,22556.0,22469.0,22567.0,22561.0,22547.0,22464.0,22566.0,22461.0,22633.0,22505.0,22580.0,22510.0,22482.0,22453.0,22517.0,22551.0,22519.0,22455.0,22510.0,22555.0,22531.0,22480.0,22523.0,22462.0,22415.0
X6,22394.0,22369.0,22455.0,22435.0,22432.0,22382.0,22418.0,22457.0,22328.0,22445.0,22462.0,22419.0,22473.0,22522.0,22519.0,22593.0,22605.0,22511.0,22401.0,22448.0,22508.0,22534.0,22556.0,22533.0,22567.0,22481.0,22552.0,22464.0,22564.0,22542.0,22548.0,22447.0,22571.0,22454.0,22611.0,22500.0,22586.0,22509.0,22492.0,22455.0,22504.0,22542.0,22511.0,22465.0,22515.0,22542.0,22514.0,22467.0,22515.0,22463.0,22410.0
X7,22392.0,22382.0,22458.0,22446.0,22448.0,22383.0,22429.0,22455.0,22324.0,22453.0,22464.0,22411.0,22447.0,22516.0,22541.0,22569.0,22583.0,22525.0,22421.0,22467.0,22509.0,22549.0,22563.0,22535.0,22576.0,22478.0,22545.0,22451.0,22555.0,22554.0,22543.0,22453.0,22567.0,22450.0,22614.0,22495.0,22584.0,22518.0,22491.0,22462.0,22515.0,22552.0,22525.0,22471.0,22535.0,22563.0,22533.0,22484.0,22521.0,22463.0,22411.0
X8,22392.0,22388.0,22466.0,22446.0,22438.0,22383.0,22411.0,22447.0,22332.0,22438.0,22465.0,22418.0,22454.0,22519.0,22534.0,22563.0,22592.0,22518.0,22434.0,22474.0,22503.0,22548.0,22557.0,22508.0,22574.0,22484.0,22521.0,22450.0,22554.0,22523.0,22552.0,22455.0,22559.0,22452.0,22609.0,22488.0,22575.0,22504.0,22487.0,22462.0,22512.0,22545.0,22507.0,22466.0,22511.0,22567.0,22532.0,22478.0,22513.0,22468.0,22410.0
X9,22399.0,22391.0,22469.0,22452.0,22434.0,22375.0,22413.0,22443.0,22344.0,22456.0,22476.0,22436.0,22457.0,22544.0,22556.0,22577.0,22602.0,22520.0,22429.0,22479.0,22505.0,22551.0,22560.0,22532.0,22579.0,22497.0,22540.0,22461.0,22553.0,22545.0,22538.0,22460.0,22571.0,22463.0,22623.0,22502.0,22584.0,22490.0,22488.0,22469.0,22504.0,22550.0,22517.0,22459.0,22512.0,22568.0,22527.0,22478.0,22513.0,22466.0,22412.0
X10,22404.0,22407.0,22480.0,22458.0,22458.0,22399.0,22418.0,22457.0,22333.0,22452.0,22470.0,22434.0,22459.0,22534.0,22549.0,22587.0,22613.0,22539.0,22426.0,22483.0,22510.0,22551.0,22563.0,22545.0,22606.0,22495.0,22546.0,22474.0,22552.0,22546.0,22550.0,22463.0,22565.0,22448.0,22615.0,22512.0,22599.0,22491.0,22475.0,22454.0,22509.0,22546.0,22511.0,22461.0,22511.0,22556.0,22524.0,22481.0,22520.0,22447.0,22391.0
X11,22408.0,22410.0,22496.0,22479.0,22483.0,22422.0,22431.0,22465.0,22349.0,22468.0,22482.0,22444.0,22463.0,22541.0,22545.0,22607.0,22616.0,22541.0,22430.0,22488.0,22516.0,22554.0,22562.0,22552.0,22604.0,22497.0,22553.0,22479.0,22572.0,22559.0,22547.0,22465.0,22582.0,22463.0,22632.0,22504.0,22593.0,22505.0,22479.0,22461.0,22516.0,22558.0,22517.0,22481.0,22526.0,22559.0,22530.0,22478.0,22515.0,22451.0,22403.0
X12,22412.0,22423.0,22499.0,22471.0,22474.0,22416.0,22436.0,22485.0,22364.0,22465.0,22486.0,22443.0,22474.0,22546.0,22553.0,22606.0,22610.0,22535.0,22424.0,22470.0,22517.0,22539.0,22560.0,22552.0,22595.0,22494.0,22549.0,22465.0,22563.0,22556.0,22554.0,22457.0,22579.0,22467.0,22640.0,22499.0,22600.0,22515.0,22488.0,22465.0,22508.0,22560.0,22518.0,22477.0,22526.0,22567.0,22523.0,22475.0,22514.0,22457.0,22412.0
X13,22394.0,22409.0,22482.0,22462.0,22463.0,22403.0,22429.0,22475.0,22364.0,22474.0,22477.0,22439.0,22465.0,22529.0,22542.0,22595.0,22602.0,22531.0,22414.0,22477.0,22527.0,22542.0,22546.0,22531.0,22592.0,22492.0,22544.0,22456.0,22573.0,22562.0,22559.0,22468.0,22577.0,22463.0,22621.0,22505.0,22592.0,22506.0,22489.0,22455.0,22510.0,22542.0,22516.0,22451.0,22515.0,22565.0,22528.0,22474.0,22512.0,22450.0,22409.0
X14,22419.0,22404.0,22493.0,22467.0,22469.0,22401.0,22433.0,22474.0,22361.0,22470.0,22488.0,22439.0,22471.0,22534.0,22548.0,22595.0,22602.0,22531.0,22427.0,22474.0,22519.0,22557.0,22569.0,22548.0,22589.0,22500.0,22553.0,22468.0,22583.0,22563.0,22567.0,22480.0,22595.0,22473.0,22625.0,22509.0,22612.0,22522.0,22494.0,22472.0,22526.0,22564.0,22530.0,22470.0,22528.0,22577.0,22536.0,22485.0,22535.0,22480.0,22421.0
X15,22441.0,22431.0,22500.0,22475.0,22479.0,22430.0,22448.0,22478.0,22363.0,22473.0,22499.0,22465.0,22482.0,22536.0,22562.0,22611.0,22593.0,22548.0,22449.0,22494.0,22533.0,22564.0,22585.0,22565.0,22617.0,22526.0,22579.0,22509.0,22598.0,22587.0,22589.0,22483.0,22608.0,22487.0,22646.0,22524.0,22620.0,22541.0,22518.0,22492.0,22550.0,22588.0,22547.0,22495.0,22554.0,22600.0,22568.0,22514.0,22565.0,22510.0,22442.0
X16,22415.0,22417.0,22495.0,22448.0,22466.0,22426.0,22439.0,22463.0,22375.0,22473.0,22468.0,22452.0,22473.0,22542.0,22551.0,22595.0,22601.0,22521.0,22436.0,22482.0,22510.0,22555.0,22580.0,22554.0,22604.0,22516.0,22576.0,22489.0,22593.0,22581.0,22576.0,22490.0,22604.0,22483.0,22636.0,22513.0,22612.0,22534.0,22507.0,22480.0,22536.0,22576.0,22542.0,22492.0,22545.0,22580.0,22560.0,22502.0,22557.0,22503.0,22452.0
X17,22424.0,22418.0,22493.0,22467.0,22483.0,22430.0,22446.0,22467.0,22371.0,22482.0,22486.0,22459.0,22486.0,22550.0,22561.0,22623.0,22617.0,22542.0,22455.0,22481.0,22524.0,22569.0,22578.0,22561.0,22616.0,22515.0,22577.0,22502.0,22600.0,22579.0,22582.0,22489.0,22611.0,22501.0,22650.0,22527.0,22617.0,22546.0,22527.0,22498.0,22556.0,22593.0,22565.0,22501.0,22552.0,22600.0,22579.0,22513.0,22561.0,22506.0,22452.0
X18,22411.0,22412.0,22489.0,22462.0,22476.0,22421.0,22435.0,22463.0,22369.0,22477.0,22494.0,22463.0,22490.0,22557.0,22566.0,22598.0,22621.0,22544.0,22450.0,22481.0,22538.0,22561.0,22576.0,22567.0,22624.0,22525.0,22583.0,22493.0,22601.0,22584.0,22575.0,22480.0,22621.0,22494.0,22659.0,22535.0,22629.0,22546.0,22539.0,22495.0,22548.0,22601.0,22568.0,22521.0,22570.0,22609.0,22575.0,22532.0,22565.0,22504.0,22446.0
X19,22418.0,22428.0,22511.0,22485.0,22487.0,22422.0,22457.0,22489.0,22375.0,22481.0,22510.0,22471.0,22489.0,22567.0,22578.0,22610.0,22631.0,22560.0,22474.0,22513.0,22545.0,22575.0,22581.0,22579.0,22618.0,22536.0,22588.0,22515.0,22614.0,22593.0,22599.0,22499.0,22615.0,22506.0,22674.0,22549.0,22637.0,22564.0,22552.0,22511.0,22574.0,22605.0,22587.0,22539.0,22592.0,22639.0,22592.0,22533.0,22576.0,22518.0,22462.0
X20,22431.0,22447.0,22526.0,22495.0,22487.0,22452.0,22469.0,22509.0,22397.0,22497.0,22509.0,22462.0,22501.0,22592.0,22572.0,22638.0,22639.0,22568.0,22472.0,22519.0,22557.0,22596.0,22608.0,22592.0,22647.0,22558.0,22600.0,22527.0,22629.0,22615.0,22610.0,22515.0,22634.0,22511.0,22678.0,22556.0,22653.0,22569.0,22557.0,22528.0,22571.0,22610.0,22584.0,22543.0,22592.0,22643.0,22606.0,22556.0,22594.0,22536.0,22493.0
X21,22433.0,22437.0,22509.0,22471.0,22474.0,22406.0,22432.0,22476.0,22372.0,22502.0,22502.0,22479.0,22487.0,22562.0,22567.0,22609.0,22607.0,22541.0,22454.0,22502.0,22546.0,22579.0,22584.0,22575.0,22643.0,22533.0,22579.0,22517.0,22605.0,22600.0,22592.0,22496.0,22616.0,22510.0,22666.0,22551.0,22634.0,22555.0,22538.0,22507.0,22562.0,22587.0,22567.0,22525.0,22570.0,22612.0,22588.0,22541.0,22583.0,22507.0,22456.0
X22,22411.0,22418.0,22487.0,22449.0,22448.0,22381.0,22418.0,22462.0,22334.0,22474.0,22477.0,22450.0,22479.0,22542.0,22562.0,22586.0,22608.0,22537.0,22438.0,22487.0,22537.0,22571.0,22583.0,22568.0,22618.0,22515.0,22570.0,22492.0,22596.0,22582.0,22569.0,22475.0,22594.0,22486.0,22650.0,22523.0,22624.0,22542.0,22526.0,22491.0,22545.0,22575.0,22549.0,22513.0,22552.0,22602.0,22569.0,22532.0,22564.0,22505.0,22454.0
X23,22416.0,22419.0,22494.0,22463.0,22457.0,22402.0,22427.0,22465.0,22344.0,22466.0,22488.0,22473.0,22488.0,22546.0,22558.0,22606.0,22630.0,22531.0,22445.0,22490.0,22527.0,22568.0,22580.0,22557.0,22598.0,22508.0,22579.0,22493.0,22598.0,22590.0,22585.0,22483.0,22603.0,22492.0,22654.0,22535.0,22622.0,22547.0,22525.0,22497.0,22550.0,22575.0,22553.0,22512.0,22559.0,22599.0,22577.0,22529.0,22563.0,22506.0,22460.0
X24,22412.0,22424.0,22494.0,22473.0,22472.0,22412.0,22437.0,22463.0,22351.0,22493.0,22499.0,22474.0,22498.0,22562.0,22566.0,22620.0,22634.0,22541.0,22451.0,22495.0,22537.0,22575.0,22587.0,22574.0,22619.0,22531.0,22591.0,22507.0,22594.0,22596.0,22588.0,22492.0,22603.0,22499.0,22659.0,22536.0,22620.0,22557.0,22535.0,22500.0,22556.0,22570.0,22541.0,22509.0,22579.0,22600.0,22577.0,22555.0,22572.0,22510.0,22468.0
X25,22403.0,22402.0,22492.0,22468.0,22477.0,22409.0,22420.0,22470.0,22355.0,22477.0,22498.0,22478.0,22493.0,22565.0,22561.0,22595.0,22617.0,22537.0,22446.0,22476.0,22531.0,22582.0,22581.0,22565.0,22623.0,22522.0,22571.0,22494.0,22598.0,22579.0,22565.0,22500.0,22609.0,22480.0,22641.0,22525.0,22612.0,22548.0,22528.0,22507.0,22559.0,22584.0,22543.0,22492.0,22552.0,22595.0,22587.0,22533.0,22565.0,22494.0,22465.0
X26,22400.0,22398.0,22477.0,22457.0,22470.0,22415.0,22443.0,22475.0,22378.0,22464.0,22479.0,22446.0,22482.0,22535.0,22555.0,22595.0,22606.0,22527.0,22429.0,22488.0,22527.0,22575.0,22579.0,22560.0,22606.0,22505.0,22569.0,22481.0,22582.0,22570.0,22563.0,22461.0,22598.0,22471.0,22619.0,22509.0,22594.0,22522.0,22508.0,22479.0,22539.0,22575.0,22537.0,22470.0,22531.0,22583.0,22562.0,22513.0,22551.0,22487.0,22445.0
X27,22382.0,22385.0,22472.0,22446.0,22450.0,22402.0,22435.0,22454.0,22355.0,22454.0,22477.0,22438.0,22463.0,22540.0,22535.0,22566.0,22582.0,22511.0,22416.0,22468.0,22519.0,22560.0,22574.0,22535.0,22596.0,22484.0,22548.0,22453.0,22574.0,22562.0,22552.0,22454.0,22575.0,22470.0,22623.0,22504.0,22597.0,22510.0,22485.0,22454.0,22517.0,22563.0,22522.0,22467.0,22521.0,22571.0,22546.0,22491.0,22546.0,22472.0,22424.0
X28,22421.0,22399.0,22483.0,22437.0,22453.0,22406.0,22453.0,22466.0,22367.0,22474.0,22473.0,22450.0,22462.0,22536.0,22531.0,22576.0,22570.0,22512.0,22409.0,22460.0,22519.0,22547.0,22567.0,22539.0,22595.0,22488.0,22551.0,22458.0,22574.0,22554.0,22560.0,22467.0,22582.0,22476.0,22639.0,22519.0,22604.0,22507.0,22488.0,22450.0,22522.0,22564.0,22525.0,22481.0,22526.0,22561.0,22548.0,22511.0,22548.0,22471.0,22427.0
X29,22442.0,22438.0,22517.0,22493.0,22500.0,22457.0,22480.0,22517.0,22384.0,22492.0,22511.0,22477.0,22484.0,22569.0,22576.0,22616.0,22632.0,22550.0,22452.0,22510.0,22555.0,22569.0,22590.0,22574.0,22617.0,22527.0,22576.0,22499.0,22607.0,22601.0,22597.0,22503.0,22624.0,22503.0,22678.0,22542.0,22633.0,22536.0,22523.0,22496.0,22560.0,22570.0,22546.0,22506.0,22552.0,22597.0,22588.0,22543.0,22574.0,22503.0,22453.0
X30,22457.0,22469.0,22556.0,22520.0,22520.0,22476.0,22499.0,22533.0,22412.0,22515.0,22528.0,22506.0,22523.0,22592.0,22596.0,22655.0,22646.0,22572.0,22491.0,22530.0,22568.0,22608.0,22632.0,22602.0,22652.0,22550.0,22624.0,22538.0,22627.0,22619.0,22611.0,22516.0,22642.0,22526.0,22694.0,22562.0,22639.0,22558.0,22558.0,22529.0,22596.0,22626.0,22578.0,22538.0,22598.0,22653.0,22613.0,22558.0,22602.0,22534.0,22484.0
X31,22474.0,22470.0,22550.0,22516.0,22510.0,22478.0,22497.0,22539.0,22422.0,22523.0,22533.0,22510.0,22519.0,22589.0,22610.0,22651.0,22671.0,22571.0,22495.0,22527.0,22566.0,22599.0,22619.0,22603.0,22656.0,22566.0,22613.0,22538.0,22626.0,22614.0,22616.0,22517.0,22645.0,22513.0,22693.0,22576.0,22659.0,22567.0,22537.0,22527.0,22589.0,22623.0,22581.0,22534.0,22600.0,22647.0,22620.0,22571.0,22613.0,22551.0,22499.0
X32,22469.0,22466.0,22562.0,22529.0,22524.0,22489.0,22497.0,22540.0,22421.0,22525.0,22554.0,22512.0,22525.0,22607.0,22617.0,22647.0,22666.0,22578.0,22496.0,22534.0,22562.0,22605.0,22622.0,22601.0,22659.0,22554.0,22610.0,22531.0,22622.0,22622.0,22606.0,22525.0,22653.0,22514.0,22694.0,22576.0,22664.0,22556.0,22557.0,22522.0,22606.0,22643.0,22596.0,22518.0,22601.0,22649.0,22612.0,22573.0,22608.0,22533.0,22493.0
X33,22469.0,22461.0,22546.0,22510.0,22516.0,22463.0,22491.0,22537.0,22427.0,22520.0,22540.0,22505.0,22525.0,22587.0,22601.0,22641.0,22647.0,22570.0,22490.0,22520.0,22560.0,22605.0,22621.0,22600.0,22636.0,22551.0,22604.0,22522.0,22611.0,22603.0,22588.0,22515.0,22632.0,22515.0,22678.0,22568.0,22654.0,22565.0,22554.0,22522.0,22594.0,22628.0,22572.0,22520.0,22577.0,22643.0,22602.0,22566.0,22598.0,22517.0,22468.0
X34,22468.0,22466.0,22541.0,22517.0,22518.0,22452.0,22488.0,22537.0,22431.0,22542.0,22546.0,22501.0,22526.0,22583.0,22608.0,22655.0,22665.0,22570.0,22496.0,22532.0,22552.0,22609.0,22616.0,22595.0,22636.0,22546.0,22607.0,22525.0,22631.0,22610.0,22608.0,22523.0,22643.0,22533.0,22709.0,22575.0,22661.0,22566.0,22555.0,22534.0,22583.0,22623.0,22583.0,22540.0,22584.0,22661.0,22608.0,22575.0,22605.0,22539.0,22495.0
X35,22497.0,22479.0,22545.0,22514.0,22513.0,22463.0,22492.0,22534.0,22425.0,22546.0,22554.0,22515.0,22530.0,22600.0,22621.0,22669.0,22682.0,22593.0,22487.0,22536.0,22569.0,22613.0,22630.0,22612.0,22648.0,22569.0,22623.0,22541.0,22659.0,22621.0,22618.0,22527.0,22663.0,22537.0,22709.0,22573.0,22652.0,22565.0,22560.0,22532.0,22591.0,22620.0,22588.0,22531.0,22604.0,22661.0,22630.0,22591.0,22606.0,22534.0,22500.0
X36,22491.0,22463.0,22548.0,22518.0,22520.0,22477.0,22497.0,22521.0,22434.0,22539.0,22549.0,22536.0,22540.0,22609.0,22617.0,22668.0,22658.0,22582.0,22485.0,22528.0,22576.0,22610.0,22632.0,22606.0,22661.0,22579.0,22629.0,22546.0,22651.0,22623.0,22626.0,22543.0,22662.0,22550.0,22706.0,22589.0,22657.0,22580.0,22577.0,22536.0,22588.0,22637.0,22591.0,22535.0,22602.0,22641.0,22630.0,22576.0,22610.0,22541.0,22506.0
X37,22505.0,22473.0,22551.0,22517.0,22511.0,22480.0,22510.0,22540.0,22436.0,22552.0,22553.0,22518.0,22541.0,22602.0,22616.0,22663.0,22671.0,22575.0,22475.0,22532.0,22581.0,22616.0,22654.0,22608.0,22668.0,22574.0,22640.0,22550.0,22655.0,22626.0,22619.0,22551.0,22663.0,22560.0,22719.0,22601.0,22661.0,22607.0,22590.0,22544.0,22601.0,22630.0,22595.0,22541.0,22596.0,22652.0,22630.0,22598.0,22622.0,22557.0,22520.0
, 
half_Cm,Distribution
,Y0,Y1,Y2,Y3,Y4,Y5,Y6,Y7,Y8,Y9,Y10,Y11,Y12,Y13,Y14,Y15,Y16,Y17,Y18,Y19,Y20,Y21,Y22,Y23,Y24,Y25,Y26,Y27,Y28,Y29,Y30,Y31,Y32,Y33,Y34,Y35,Y36,Y37,Y38,Y39,Y40,Y41,Y42,Y43,Y44,Y45,Y46,Y47,Y48,Y49,Y50
X0,21306.0,21468.0,21584.0,21598.0,21622.0,21560.0,21637.0,21638.0,21550.0,21681.0,21753.0,21607.0,21697.0,21818.0,21759.0,21854.0,21881.0,21766.0,21650.0,21705.0,21787.0,21807.0,21883.0,21881.0,21886.0,21868.0,21897.0,21869.0,21954.0,21978.0,21960.0,21852.0,22039.0,21898.0,22081.0,21991.0,22123.0,22031.0,21981.0,21953.0,22043.0,22083.0,22062.0,22002.0,22046.0,22106.0,22085.0,22088.0,22128.0,22069.0,21980.0
X1,21289.0,21468.0,21599.0,21599.0,21641.0,21581.0,21665.0,21644.0,21560.0,21693.0,21769.0,21626.0,21718.0,21820.0,21765.0,21862.0,21912.0,21794.0,21681.0,21720.0,21803.0,21824.0,21908.0,21901.0,21901.0,21894.0,21903.0,21883.0,21964.0,21970.0,21962.0,21860.0,22053.0,21895.0,22085.0,21986.0,22116.0,22036.0,21987.0,21955.0,22047.0,22090.0,22068.0,22025.0,22046.0,22101.0,22085.0,22096.0,22139.0,22082.0,21991.0
X2,21298.0,21486.0,21606.0,21627.0,21648.0,21581.0,21669.0,21667.0,21571.0,21715.0,21776.0,21643.0,21731.0,21846.0,21775.0,21872.0,21920.0,21801.0,21684.0,21730.0,21800.0,21824.0,21912.0,21910.0,21915.0,21902.0,21913.0,21897.0,21970.0,21982.0,21957.0,21869.0,22066.0,21903.0,22084.0,21993.0,22128.0,22022.0,21990.0,21969.0,22050.0,22108.0,22072.0,22028.0,22056.0,22113.0,22089.0,22094.0,22137.0,22076.0,21996.0
X3,21315.0,21497.0,21625.0,21631.0,21657.0,21579.0,21679.0,21680.0,21590.0,21713.0,21784.0,21651.0,21745.0,21864.0,21790.0,21890.0,21921.0,21821.0,21704.0,21739.0,21827.0,21841.0,21924.0,21939.0,21929.0,21913.0,21933.0,21906.0,21979.0,21986.0,21986.0,21880.0,22073.0,21908.0,22087.0,22016.0,22132.0,22044.0,22002.0,21979.0,22069.0,22115.0,22077.0,22031.0,22065.0,22127.0,22108.0,22103.0,22147.0,22087.0,22008.0
X4,21311.0,21502.0,21627.0,21638.0,21643.0,21580.0,21692.0,21680.0,21583.0,21711.0,21786.0,21649.0,21741.0,21856.0,21787.0,21897.0,21914.0,21822.0,21696.0,21742.0,21834.0,21843.0,21934.0,21928.0,21926.0,21910.0,21939.0,21905.0,21984.0,21988.0,21988.0,21884.0,22057.0,21896.0,22087.0,22004.0,22129.0,22038.0,21999.0,21979.0,22069.0,22122.0,22098.0,22029.0,22076.0,22122.0,22101.0,22097.0,22145.0,22077.0,22009.0
X5,21317.0,21502.0,21633.0,21652.0,21673.0,21595.0,21702.0,21687.0,21593.0,21712.0,21798.0,21656.0,21750.0,21859.0,21790.0,21904.0,21943.0,21825.0,21696.0,21757.0,21844.0,21857.0,21940.0,21935.0,21936.0,21912.0,21951.0,21912.0,22000.0,22016.0,21999.0,21905.0,22073.0,21917.0,22106.0,22012.0,22139.0,22048.0,22007.0,21982.0,22087.0,22129.0,22106.0,22041.0,22073.0,22139.0,22112.0,22112.0,22151.0,22086.0,22003.0
X6,21317.0,21501.0,21633.0,21649.0,21662.0,21603.0,21707.0,21696.0,21593.0,21728.0,21810.0,21663.0,21777.0,21874.0,21792.0,21920.0,21960.0,21837.0,21703.0,21758.0,21844.0,21857.0,21947.0,21929.0,21929.0,21918.0,21949.0,21910.0,21999.0,22001.0,22002.0,21892.0,22079.0,21915.0,22092.0,22011.0,22142.0,22049.0,22019.0,21986.0,22078.0,22117.0,22100.0,22050.0,22079.0,22124.0,22097.0,22099.0,22146.0,22090.0,22002.0
X7,21322.0,21510.0,21639.0,21661.0,21678.0,21609.0,21715.0,21699.0,21595.0,21739.0,21814.0,21658.0,21761.0,21875.0,21815.0,21906.0,21946.0,21850.0,21721.0,21774.0,21851.0,21874.0,21959.0,21934.0,21938.0,21920.0,21948.0,21905.0,21995.0,22013.0,22003.0,21900.0,22081.0,21915.0,22096.0,22009.0,22145.0,22061.0,22021.0,21995.0,22088.0,22133.0,22115.0,22056.0,22099.0,22148.0,22117.0,22119.0,22152.0,22091.0,22006.0
X8,21316.0,21510.0,21641.0,21658.0,21668.0,21604.0,21700.0,21689.0,21596.0,21720.0,21810.0,21662.0,21765.0,21871.0,21803.0,21897.0,21951.0,21843.0,21729.0,21778.0,21844.0,21872.0,21950.0,21908.0,21933.0,21922.0,21924.0,21903.0,21988.0,21984.0,22008.0,21900.0,22069.0,21911.0,22092.0,21999.0,22134.0,22045.0,22016.0,21993.0,22086.0,22123.0,22098.0,22053.0,22076.0,22149.0,22115.0,22113.0,22144.0,22094.0,22005.0
X9,21324.0,21518.0,21644.0,21665.0,21665.0,21600.0,21704.0,21688.0,21610.0,21743.0,21824.0,21681.0,21770.0,21896.0,21827.0,21911.0,21961.0,21848.0,21731.0,21783.0,21848.0,21876.0,21958.0,21932.0,21944.0,21934.0,21942.0,21912.0,21991.0,22006.0,21998.0,21905.0,22083.0,21925.0,22105.0,22015.0,22145.0,22036.0,22020.0,22000.0,22078.0,22130.0,22108.0,22047.0,22082.0,22154.0,22111.0,22115.0,22149.0,22094.0,22007.0
X10,21331.0,21531.0,21658.0,21676.0,21691.0,21625.0,21713.0,21706.0,21606.0,21743.0,21824.0,21681.0,21776.0,21893.0,21827.0,21924.0,21974.0,21867.0,21732.0,21792.0,21859.0,21883.0,21963.0,21947.0,21967.0,21938.0,21953.0,21926.0,21994.0,22011.0,22013.0,21909.0,22081.0,21915.0,22101.0,22028.0,22160.0,22039.0,22010.0,21992.0,22087.0,22130.0,22103.0,22052.0,22084.0,22148.0,22115.0,22119.0,22156.0,22082.0,21992.0
X11,21323.0,21524.0,21664.0,21683.0,21702.0,21636.0,21716.0,21703.0,21612.0,21754.0,21826.0,21682.0,21772.0,21891.0,21816.0,21932.0,21971.0,21865.0,21727.0,21788.0,21856.0,21878.0,21956.0,21946.0,21959.0,21936.0,21952.0,21923.0,22006.0,22019.0,22004.0,21907.0,22090.0,21922.0,22109.0,22015.0,22152.0,22048.0,22007.0,21992.0,22090.0,22137.0,22106.0,22067.0,22094.0,22148.0,22117.0,22112.0,22149.0,22082.0,21999.0
X12,21342.0,21547.0,21680.0,21691.0,21708.0,21645.0,21735.0,21731.0,21638.0,21762.0,21839.0,21694.0,21789.0,21907.0,21832.0,21945.0,21974.0,21871.0,21734.0,21786.0,21867.0,21876.0,21966.0,21955.0,21962.0,21941.0,21958.0,21920.0,22009.0,22024.0,22019.0,21912.0,22094.0,21936.0,22128.0,22022.0,22163.0,22067.0,22026.0,22003.0,22088.0,22145.0,22114.0,22071.0,22099.0,22162.0,22117.0,22114.0,22155.0,22093.0,22014.0
X13,21330.0,21537.0,21666.0,21683.0,21699.0,21634.0,21726.0,21723.0,21637.0,21769.0,21833.0,21693.0,21784.0,21895.0,21823.0,21935.0,21968.0,21866.0,21723.0,21789.0,21881.0,21881.0,21955.0,21940.0,21962.0,21939.0,21956.0,21917.0,22020.0,22032.0,22027.0,21920.0,22093.0,21933.0,22112.0,22027.0,22158.0,22057.0,22026.0,21996.0,22091.0,22131.0,22114.0,22050.0,22090.0,22160.0,22123.0,22118.0,22155.0,22088.0,22011.0
X14,21346.0,21533.0,21675.0,21687.0,21705.0,21634.0,21728.0,21719.0,21634.0,21766.0,21840.0,21692.0,21787.0,21897.0,21829.0,21934.0,21970.0,21863.0,21736.0,21790.0,21873.0,21893.0,21970.0,21954.0,21957.0,21944.0,21963.0,21928.0,22026.0,22032.0,22032.0,21930.0,22107.0,21943.0,22117.0,22031.0,22174.0,22076.0,22032.0,22013.0,22105.0,22150.0,22129.0,22065.0,22100.0,22171.0,22131.0,22131.0,22173.0,22112.0,22021.0
X15,21367.0,21555.0,21680.0,21693.0,21711.0,21653.0,21743.0,21724.0,21638.0,21766.0,21846.0,21710.0,21800.0,21901.0,21840.0,21947.0,21961.0,21881.0,21760.0,21808.0,21884.0,21900.0,21983.0,21968.0,21979.0,21969.0,21984.0,21965.0,22037.0,22049.0,22048.0,21933.0,22123.0,21957.0,22138.0,22044.0,22182.0,22090.0,22053.0,22031.0,22128.0,22172.0,22145.0,22091.0,22125.0,22188.0,22162.0,22156.0,22196.0,22140.0,22040.0
X16,21352.0,21550.0,21682.0,21678.0,21707.0,21655.0,21742.0,21719.0,21651.0,21772.0,21831.0,21708.0,21796.0,21907.0,21837.0,21940.0,21973.0,21862.0,21755.0,21801.0,21867.0,21898.0,21985.0,21965.0,21975.0,21965.0,21985.0,21953.0,22039.0,22051.0,22045.0,21946.0,22124.0,21957.0,22134.0,22037.0,22179.0,22090.0,22048.0,22026.0,22117.0,22163.0,22145.0,22089.0,22121.0,22177.0,22160.0,22148.0,22193.0,22138.0,22050.0
X17,21356.0,21545.0,21677.0,21688.0,21716.0,21656.0,21745.0,21718.0,21647.0,21778.0,21842.0,21712.0,21803.0,21913.0,21844.0,21963.0,21982.0,21879.0,21767.0,21797.0,21883.0,21905.0,21984.0,21968.0,21982.0,21964.0,21987.0,21961.0,22044.0,22047.0,22047.0,21944.0,22131.0,21969.0,22143.0,22049.0,22181.0,22097.0,22063.0,22040.0,22136.0,22178.0,22162.0,22095.0,22130.0,22195.0,22173.0,22158.0,22197.0,22143.0,22050.0
X18,21346.0,21544.0,21677.0,21689.0,21713.0,21652.0,21738.0,21720.0,21646.0,21777.0,21851.0,21717.0,21812.0,21923.0,21848.0,21944.0,21991.0,21888.0,21767.0,21804.0,21895.0,21904.0,21983.0,21975.0,21995.0,21973.0,21994.0,21954.0,22046.0,22055.0,22044.0,21939.0,22140.0,21966.0,22153.0,22060.0,22194.0,22097.0,22074.0,22040.0,22131.0,22184.0,22164.0,22115.0,22147.0,22206.0,22172.0,22175.0,22203.0,22145.0,22048.0
X19,21360.0,21563.0,21700.0,21711.0,21725.0,21657.0,21763.0,21750.0,21656.0,21785.0,21869.0,21728.0,21817.0,21935.0,21864.0,21959.0,22002.0,21904.0,21789.0,21835.0,21904.0,21918.0,21992.0,21990.0,21991.0,21986.0,22002.0,21978.0,22066.0,22069.0,22072.0,21960.0,22138.0,21982.0,22166.0,22076.0,22206.0,22119.0,22090.0,22058.0,22159.0,22188.0,22180.0,22133.0,22169.0,22231.0,22190.0,22178.0,22218.0,22163.0,22066.0
X20,21375.0,21582.0,21716.0,21719.0,21731.0,21684.0,21775.0,21771.0,21676.0,21798.0,21873.0,21722.0,21826.0,21955.0,21862.0,21980.0,22011.0,21912.0,21789.0,21842.0,21919.0,21939.0,22018.0,22003.0,22016.0,22010.0,22016.0,21992.0,22080.0,22088.0,22082.0,21974.0,22156.0,21989.0,22172.0,22083.0,22218.0,22129.0,22096.0,22075.0,22159.0,22197.0,22185.0,22140.0,22171.0,22236.0,22205.0,22201.0,22231.0,22179.0,22094.0
X21,21374.0,21572.0,21702.0,21702.0,21715.0,21645.0,21740.0,21733.0,21655.0,21800.0,21862.0,21734.0,21815.0,21932.0,21858.0,21958.0,21982.0,21888.0,21776.0,21826.0,21907.0,21923.0,21995.0,21984.0,22012.0,21985.0,21995.0,21978.0,22056.0,22076.0,22063.0,21957.0,22141.0,21984.0,22163.0,22077.0,22204.0,22111.0,22081.0,22055.0,22151.0,22177.0,22169.0,22124.0,22150.0,22212.0,22185.0,22185.0,22221.0,22150.0,22059.0
X22,21351.0,21554.0,21678.0,21679.0,21693.0,21622.0,21722.0,21718.0,21624.0,21775.0,21841.0,21709.0,21801.0,21912.0,21850.0,21937.0,21980.0,21883.0,21758.0,21810.0,21899.0,21911.0,21992.0,21977.0,21989.0,21968.0,21983.0,21956.0,22044.0,22056.0,22042.0,21936.0,22114.0,21963.0,22146.0,22051.0,22192.0,22097.0,22069.0,22038.0,22129.0,22167.0,22152.0,22107.0,22126.0,22198.0,22169.0,22176.0,22206.0,22146.0,22057.0
X23,21354.0,21556.0,21686.0,21693.0,21703.0,21640.0,21731.0,21720.0,21633.0,21774.0,21847.0,21727.0,21813.0,21916.0,21848.0,21954.0,22001.0,21880.0,21765.0,21814.0,21890.0,21913.0,21989.0,21969.0,21972.0,21964.0,21992.0,21959.0,22047.0,22065.0,22056.0,21946.0,22127.0,21969.0,22152.0,22064.0,22191.0,22103.0,22067.0,22045.0,22136.0,22167.0,22159.0,22111.0,22142.0,22198.0,22177.0,22178.0,22206.0,22151.0,22067.0
X24,21356.0,21562.0,21688.0,21703.0,21714.0,21650.0,21745.0,21723.0,21641.0,21795.0,21860.0,21732.0,21825.0,21932.0,21854.0,21966.0,22007.0,21889.0,21772.0,21821.0,21902.0,21917.0,21998.0,21983.0,21997.0,21985.0,22006.0,21971.0,22046.0,22071.0,22061.0,21955.0,22126.0,21974.0,22156.0,22063.0,22191.0,22108.0,22072.0,22045.0,22141.0,22163.0,22146.0,22108.0,22160.0,22204.0,22176.0,22199.0,22216.0,22156.0,22073.0
X25,21344.0,21543.0,21681.0,21696.0,21713.0,21643.0,21725.0,21725.0,21641.0,21777.0,21855.0,21730.0,21818.0,21932.0,21848.0,21943.0,21990.0,21882.0,21763.0,21800.0,21890.0,21922.0,21991.0,21973.0,21994.0,21974.0,21984.0,21956.0,22045.0,22053.0,22037.0,21959.0,22131.0,21958.0,22140.0,22053.0,22178.0,22099.0,22062.0,22050.0,22142.0,22173.0,22148.0,22094.0,22131.0,22194.0,22185.0,22179.0,22206.0,22138.0,22066.0
X26,21340.0,21534.0,21666.0,21683.0,21708.0,21644.0,21742.0,21726.0,21652.0,21768.0,21836.0,21703.0,21801.0,21904.0,21840.0,21937.0,21975.0,21868.0,21745.0,21807.0,21886.0,21911.0,21985.0,21967.0,21975.0,21956.0,21981.0,21942.0,22031.0,22042.0,22033.0,21921.0,22114.0,21944.0,22115.0,22033.0,22163.0,22079.0,22047.0,22024.0,22120.0,22163.0,22140.0,22070.0,22110.0,22182.0,22164.0,22160.0,22191.0,22128.0,22046.0
X27,21323.0,21521.0,21657.0,21668.0,21687.0,21630.0,21728.0,21706.0,21631.0,21753.0,21831.0,21690.0,21779.0,21899.0,21817.0,21910.0,21954.0,21845.0,21723.0,21784.0,21871.0,21895.0,21972.0,21940.0,21962.0,21933.0,21959.0,21915.0,22019.0,22031.0,22019.0,21909.0,22091.0,21939.0,22112.0,22025.0,22163.0,22064.0,22024.0,21999.0,22095.0,22147.0,22115.0,22065.0,22098.0,22169.0,22144.0,22140.0,22182.0,22108.0,22027.0
X28,21353.0,21534.0,21668.0,21666.0,21695.0,21638.0,21752.0,21719.0,21644.0,21771.0,21830.0,21706.0,21786.0,21900.0,21821.0,21921.0,21947.0,21849.0,21720.0,21780.0,21875.0,21888.0,21972.0,21949.0,21965.0,21940.0,21964.0,21919.0,22024.0,22026.0,22027.0,21921.0,22100.0,21947.0,22133.0,22042.0,22171.0,22062.0,22030.0,21997.0,22102.0,22150.0,22127.0,22079.0,22103.0,22163.0,22146.0,22159.0,22186.0,22106.0,22031.0
X29,21371.0,21566.0,21697.0,21711.0,21729.0,21679.0,21773.0,21765.0,21657.0,21786.0,21862.0,21723.0,21802.0,21926.0,21853.0,21954.0,21994.0,21886.0,21764.0,21823.0,21903.0,21904.0,21989.0,21974.0,21981.0,21970.0,21981.0,21954.0,22049.0,22068.0,22058.0,21955.0,22139.0,21971.0,22162.0,22062.0,22193.0,22088.0,22057.0,22037.0,22139.0,22158.0,22146.0,22100.0,22125.0,22192.0,22183.0,22185.0,22209.0,22141.0,22050.0
X30,21379.0,21586.0,21725.0,21729.0,21747.0,21689.0,21786.0,21777.0,21675.0,21803.0,21879.0,21751.0,21831.0,21942.0,21868.0,21978.0,22006.0,21901.0,21787.0,21837.0,21911.0,21932.0,22024.0,21998.0,22005.0,21987.0,22020.0,21984.0,22064.0,22081.0,22070.0,21965.0,22150.0,21989.0,22175.0,22079.0,22196.0,22101.0,22087.0,22066.0,22169.0,22205.0,22173.0,22128.0,22168.0,22235.0,22202.0,22198.0,22234.0,22169.0,22078.0
X31,21394.0,21587.0,21721.0,21728.0,21743.0,21691.0,21786.0,21781.0,21681.0,21814.0,21885.0,21757.0,21831.0,21942.0,21884.0,21980.0,22025.0,21903.0,21795.0,21835.0,21912.0,21928.0,22015.0,22001.0,22012.0,22001.0,22013.0,21985.0,22064.0,22077.0,22074.0,21964.0,22153.0,21979.0,22175.0,22090.0,22214.0,22112.0,22073.0,22066.0,22162.0,22203.0,22175.0,22126.0,22171.0,22233.0,22209.0,22212.0,22242.0,22183.0,22092.0
X32,21393.0,21587.0,21737.0,21742.0,21757.0,21703.0,21789.0,21784.0,21686.0,21816.0,21902.0,21760.0,21838.0,21960.0,21892.0,21975.0,22023.0,21909.0,21798.0,21841.0,21911.0,21933.0,22020.0,21997.0,22013.0,21994.0,22010.0,21980.0,22063.0,22087.0,22067.0,21974.0,22158.0,21981.0,22178.0,22089.0,22221.0,22106.0,22090.0,22060.0,22175.0,22218.0,22189.0,22114.0,22170.0,22234.0,22204.0,22212.0,22239.0,22170.0,22086.0
X33,21387.0,21580.0,21716.0,21719.0,21745.0,21678.0,21780.0,21780.0,21685.0,21807.0,21889.0,21746.0,21831.0,21940.0,21874.0,21969.0,22004.0,21899.0,21786.0,21831.0,21906.0,21925.0,22012.0,21993.0,21992.0,21986.0,22002.0,21971.0,22046.0,22064.0,22047.0,21963.0,22141.0,21973.0,22161.0,22080.0,22211.0,22110.0,22083.0,22060.0,22163.0,22203.0,22167.0,22111.0,22146.0,22229.0,22191.0,22202.0,22226.0,22154.0,22060.0
X34,21388.0,21583.0,21715.0,21726.0,21749.0,21674.0,21781.0,21783.0,21693.0,21825.0,21894.0,21746.0,21834.0,21935.0,21881.0,21981.0,22019.0,21901.0,21795.0,21837.0,21900.0,21932.0,22012.0,21989.0,21994.0,21983.0,22005.0,21973.0,22067.0,22073.0,22066.0,21970.0,22151.0,21997.0,22189.0,22088.0,22217.0,22111.0,22084.0,22068.0,22158.0,22201.0,22175.0,22128.0,22154.0,22242.0,22197.0,22210.0,22233.0,22171.0,22085.0
X35,21402.0,21588.0,21713.0,21718.0,21738.0,21674.0,21777.0,21775.0,21677.0,21821.0,21895.0,21754.0,21833.0,21945.0,21887.0,21986.0,22030.0,21912.0,21782.0,21835.0,21909.0,21931.0,22017.0,22000.0,21998.0,22000.0,22012.0,21981.0,22083.0,22078.0,22070.0,21967.0,22163.0,21995.0,22181.0,22080.0,22203.0,22107.0,22084.0,22067.0,22160.0,22195.0,22177.0,22116.0,22167.0,22237.0,22211.0,22222.0,22230.0,22163.0,22085.0
X36,21404.0,21581.0,21717.0,21724.0,21745.0,21691.0,21783.0,21768.0,21689.0,21822.0,21894.0,21772.0,21842.0,21958.0,21886.0,21989.0,22012.0,21908.0,21781.0,21834.0,21915.0,21932.0,22022.0,21999.0,22012.0,22011.0,22026.0,21991.0,22079.0,22081.0,22083.0,21982.0,22164.0,22007.0,22185.0,22097.0,22212.0,22126.0,22103.0,22071.0,22160.0,22213.0,22180.0,22122.0,22165.0,22227.0,22213.0,22210.0,22234.0,22171.0,22094.0
X37,21415.0,21582.0,21713.0,21718.0,21730.0,21687.0,21789.0,21775.0,21687.0,21825.0,21891.0,21754.0,21839.0,21946.0,21878.0,21978.0,22019.0,21897.0,21770.0,21830.0,21913.0,21933.0,22032.0,21996.0,22012.0,22003.0,22025.0,21986.0,22080.0,22082.0,22075.0,21987.0,22161.0,22015.0,22191.0,22102.0,22212.0,22147.0,22107.0,22075.0,22171.0,22203.0,22183.0,22123.0,22161.0,22230.0,22208.0,22224.0,22244.0,22181.0,22105.0
, 
Cm_STD,Distribution
,Y0,Y1,Y2,Y3,Y4,Y5,Y6,Y7,Y8,Y9,Y10,Y11,Y12,Y13,Y14,Y15,Y16,Y17,Y18,Y19,Y20,Y21,Y22,Y23,Y24,Y25,Y26,Y27,Y28,Y29,Y30,Y31,Y32,Y33,Y34,Y35,Y36,Y37,Y38,Y39,Y40,Y41,Y42,Y43,Y44,Y45,Y46,Y47,Y48,Y49,Y50
X0,,,,,,,,,,,,,,,,,,,,,,,,,,,,,,,,,,,,,,,,,,,,,,,,,,,
X1,,,,,,,,,,,,,,,,,,,,,,,,,,,,,,,,,,,,,,,,,,,,,,,,,,,
X2,,,,,,,,,,,,,,,,,,,,,,,,,,,,,,,,,,,,,,,,,,,,,,,,,,,
X3,,,,,,,,,,,,,,,,,,,,,,,,,,,,,,,,,,,,,,,,,,,,,,,,,,,
X4,,,,,,,,,,,,,,,,,,,,,,,,,,,,,,,,,,,,,,,,,,,,,,,,,,,
X5,,,,,,,,,,,,,,,,,,,,,,,,,,,,,,,,,,,,,,,,,,,,,,,,,,,
X6,,,,,,,,,,,,,,,,,,,,,,,,,,,,,,,,,,,,,,,,,,,,,,,,,,,
X7,,,,,,,,,,,,,,,,,,,,,,,,,,,,,,,,,,,,,,,,,,,,,,,,,,,
X8,,,,,,,,,,,,,,,,,,,,,,,,,,,,,,,,,,,,,,,,,,,,,,,,,,,
X9,,,,,,,,,,,,,,,,,,,,,,,,,,,,,,,,,,,,,,,,,,,,,,,,,,,
X10,,,,,,,,,,,,,,,,,,,,,,,,,,,,,,,,,,,,,,,,,,,,,,,,,,,
X11,,,,,,,,,,,,,,,,,,,,,,,,,,,,,,,,,,,,,,,,,,,,,,,,,,,
X12,,,,,,,,,,,,,,,,,,,,,,,,,,,,,,,,,,,,,,,,,,,,,,,,,,,
X13,,,,,,,,,,,,,,,,,,,,,,,,,,,,,,,,,,,,,,,,,,,,,,,,,,,
X14,,,,,,,,,,,,,,,,,,,,,,,,,,,,,,,,,,,,,,,,,,,,,,,,,,,
X15,,,,,,,,,,,,,,,,,,,,,,,,,,,,,,,,,,,,,,,,,,,,,,,,,,,
X16,,,,,,,,,,,,,,,,,,,,,,,,,,,,,,,,,,,,,,,,,,,,,,,,,,,
X17,,,,,,,,,,,,,,,,,,,,,,,,,,,,,,,,,,,,,,,,,,,,,,,,,,,
X18,,,,,,,,,,,,,,,,,,,,,,,,,,,,,,,,,,,,,,,,,,,,,,,,,,,
X19,,,,,,,,,,,,,,,,,,,,,,,,,,,,,,,,,,,,,,,,,,,,,,,,,,,
X20,,,,,,,,,,,,,,,,,,,,,,,,,,,,,,,,,,,,,,,,,,,,,,,,,,,
X21,,,,,,,,,,,,,,,,,,,,,,,,,,,,,,,,,,,,,,,,,,,,,,,,,,,
X22,,,,,,,,,,,,,,,,,,,,,,,,,,,,,,,,,,,,,,,,,,,,,,,,,,,
X23,,,,,,,,,,,,,,,,,,,,,,,,,,,,,,,,,,,,,,,,,,,,,,,,,,,
X24,,,,,,,,,,,,,,,,,,,,,,,,,,,,,,,,,,,,,,,,,,,,,,,,,,,
X25,,,,,,,,,,,,,,,,,,,,,,,,,,,,,,,,,,,,,,,,,,,,,,,,,,,
X26,,,,,,,,,,,,,,,,,,,,,,,,,,,,,,,,,,,,,,,,,,,,,,,,,,,
X27,,,,,,,,,,,,,,,,,,,,,,,,,,,,,,,,,,,,,,,,,,,,,,,,,,,
X28,,,,,,,,,,,,,,,,,,,,,,,,,,,,,,,,,,,,,,,,,,,,,,,,,,,
X29,,,,,,,,,,,,,,,,,,,,,,,,,,,,,,,,,,,,,,,,,,,,,,,,,,,
X30,,,,,,,,,,,,,,,,,,,,,,,,,,,,,,,,,,,,,,,,,,,,,,,,,,,
X31,,,,,,,,,,,,,,,,,,,,,,,,,,,,,,,,,,,,,,,,,,,,,,,,,,,
X32,,,,,,,,,,,,,,,,,,,,,,,,,,,,,,,,,,,,,,,,,,,,,,,,,,,
X33,,,,,,,,,,,,,,,,,,,,,,,,,,,,,,,,,,,,,,,,,,,,,,,,,,,
X34,,,,,,,,,,,,,,,,,,,,,,,,,,,,,,,,,,,,,,,,,,,,,,,,,,,
X35,,,,,,,,,,,,,,,,,,,,,,,,,,,,,,,,,,,,,,,,,,,,,,,,,,,
X36,,,,,,,,,,,,,,,,,,,,,,,,,,,,,,,,,,,,,,,,,,,,,,,,,,,
X37,,,,,,,,,,,,,,,,,,,,,,,,,,,,,,,,,,,,,,,,,,,,,,,,,,,
, 
half_Cm_STD,Distribution
,Y0,Y1,Y2,Y3,Y4,Y5,Y6,Y7,Y8,Y9,Y10,Y11,Y12,Y13,Y14,Y15,Y16,Y17,Y18,Y19,Y20,Y21,Y22,Y23,Y24,Y25,Y26,Y27,Y28,Y29,Y30,Y31,Y32,Y33,Y34,Y35,Y36,Y37,Y38,Y39,Y40,Y41,Y42,Y43,Y44,Y45,Y46,Y47,Y48,Y49,Y50
X0,,,,,,,,,,,,,,,,,,,,,,,,,,,,,,,,,,,,,,,,,,,,,,,,,,,
X1,,,,,,,,,,,,,,,,,,,,,,,,,,,,,,,,,,,,,,,,,,,,,,,,,,,
X2,,,,,,,,,,,,,,,,,,,,,,,,,,,,,,,,,,,,,,,,,,,,,,,,,,,
X3,,,,,,,,,,,,,,,,,,,,,,,,,,,,,,,,,,,,,,,,,,,,,,,,,,,
X4,,,,,,,,,,,,,,,,,,,,,,,,,,,,,,,,,,,,,,,,,,,,,,,,,,,
X5,,,,,,,,,,,,,,,,,,,,,,,,,,,,,,,,,,,,,,,,,,,,,,,,,,,
X6,,,,,,,,,,,,,,,,,,,,,,,,,,,,,,,,,,,,,,,,,,,,,,,,,,,
X7,,,,,,,,,,,,,,,,,,,,,,,,,,,,,,,,,,,,,,,,,,,,,,,,,,,
X8,,,,,,,,,,,,,,,,,,,,,,,,,,,,,,,,,,,,,,,,,,,,,,,,,,,
X9,,,,,,,,,,,,,,,,,,,,,,,,,,,,,,,,,,,,,,,,,,,,,,,,,,,
X10,,,,,,,,,,,,,,,,,,,,,,,,,,,,,,,,,,,,,,,,,,,,,,,,,,,
X11,,,,,,,,,,,,,,,,,,,,,,,,,,,,,,,,,,,,,,,,,,,,,,,,,,,
X12,,,,,,,,,,,,,,,,,,,,,,,,,,,,,,,,,,,,,,,,,,,,,,,,,,,
X13,,,,,,,,,,,,,,,,,,,,,,,,,,,,,,,,,,,,,,,,,,,,,,,,,,,
X14,,,,,,,,,,,,,,,,,,,,,,,,,,,,,,,,,,,,,,,,,,,,,,,,,,,
X15,,,,,,,,,,,,,,,,,,,,,,,,,,,,,,,,,,,,,,,,,,,,,,,,,,,
X16,,,,,,,,,,,,,,,,,,,,,,,,,,,,,,,,,,,,,,,,,,,,,,,,,,,
X17,,,,,,,,,,,,,,,,,,,,,,,,,,,,,,,,,,,,,,,,,,,,,,,,,,,
X18,,,,,,,,,,,,,,,,,,,,,,,,,,,,,,,,,,,,,,,,,,,,,,,,,,,
X19,,,,,,,,,,,,,,,,,,,,,,,,,,,,,,,,,,,,,,,,,,,,,,,,,,,
X20,,,,,,,,,,,,,,,,,,,,,,,,,,,,,,,,,,,,,,,,,,,,,,,,,,,
X21,,,,,,,,,,,,,,,,,,,,,,,,,,,,,,,,,,,,,,,,,,,,,,,,,,,
X22,,,,,,,,,,,,,,,,,,,,,,,,,,,,,,,,,,,,,,,,,,,,,,,,,,,
X23,,,,,,,,,,,,,,,,,,,,,,,,,,,,,,,,,,,,,,,,,,,,,,,,,,,
X24,,,,,,,,,,,,,,,,,,,,,,,,,,,,,,,,,,,,,,,,,,,,,,,,,,,
X25,,,,,,,,,,,,,,,,,,,,,,,,,,,,,,,,,,,,,,,,,,,,,,,,,,,
X26,,,,,,,,,,,,,,,,,,,,,,,,,,,,,,,,,,,,,,,,,,,,,,,,,,,
X27,,,,,,,,,,,,,,,,,,,,,,,,,,,,,,,,,,,,,,,,,,,,,,,,,,,
X28,,,,,,,,,,,,,,,,,,,,,,,,,,,,,,,,,,,,,,,,,,,,,,,,,,,
X29,,,,,,,,,,,,,,,,,,,,,,,,,,,,,,,,,,,,,,,,,,,,,,,,,,,
X30,,,,,,,,,,,,,,,,,,,,,,,,,,,,,,,,,,,,,,,,,,,,,,,,,,,
X31,,,,,,,,,,,,,,,,,,,,,,,,,,,,,,,,,,,,,,,,,,,,,,,,,,,
X32,,,,,,,,,,,,,,,,,,,,,,,,,,,,,,,,,,,,,,,,,,,,,,,,,,,
X33,,,,,,,,,,,,,,,,,,,,,,,,,,,,,,,,,,,,,,,,,,,,,,,,,,,
X34,,,,,,,,,,,,,,,,,,,,,,,,,,,,,,,,,,,,,,,,,,,,,,,,,,,
X35,,,,,,,,,,,,,,,,,,,,,,,,,,,,,,,,,,,,,,,,,,,,,,,,,,,
X36,,,,,,,,,,,,,,,,,,,,,,,,,,,,,,,,,,,,,,,,,,,,,,,,,,,
X37,,,,,,,,,,,,,,,,,,,,,,,,,,,,,,,,,,,,,,,,,,,,,,,,,,,
